174.3893173,-36.6893216,Rimmer Rd,"Shouldbe: Helensville, Muriwai Beach",376859
174.347609109661,-36.70533438023834,Rimmer Rd,Shouldbe: Muriwai Beach,378551
174.35542498116624,-36.69982526296707,Rimmer Rd,Shouldbe: Muriwai Beach,378405
174.34765039414265,-36.705477843133714,Coast Rd,Shouldbe: Muriwai Beach,377306
174.35794058689737,-36.7159447504984,Temu Rd,Shouldbe: Muriwai Beach,376670
174.357887380442,-36.716119415700746,Coast Rd,Shouldbe: Muriwai Beach,376100
174.36606193575773,-36.72532275964971,Mission Rd,Shouldbe: Muriwai Beach,375145
174.37159858373883,-36.73445961256877,Willet Rd,Shouldbe: Muriwai Beach,373991
174.37758313370034,-36.70221261217553,Lookout Rd,Shouldbe: Muriwai Beach,376469
174.38371314440113,-36.70093250132352,Selwyn Rd,Shouldbe: Muriwai Beach,376469
174.3836945,-36.701013399999994,Selwyn Rd,Shouldbe: Muriwai Beach,376414
174.38268481092575,-36.72191333142819,Mission Rd,Shouldbe: Muriwai Beach,374655
174.38179188352902,-36.74945762591708,Puketapu Rd,Shouldbe: Muriwai Beach,372327
174.38750552624245,-36.705940479558244,Eastern Boundary Rd,Shouldbe: Muriwai Beach,374122
174.3901602,-36.762180900000004,Coast Rd,Shouldbe: Muriwai Beach,371919
174.40269393022353,-36.71607183947003,Eastern Boundary Rd,Shouldbe: Muriwai Beach,372645
174.40303539914098,-36.75927760810973,Mushroom Rd,Shouldbe: Muriwai Beach,368066
174.40968364829553,-36.73054089156352,Eastern Boundary Rd,Shouldbe: Muriwai Beach,371503
174.41226701304433,-36.7986847583272,Coast Rd,Shouldbe: Muriwai Beach,366673
174.42110471282965,-36.80829977822776,Cable Rd,Shouldbe: Muriwai Beach,366204
174.42106223286066,-36.808329875345535,Coast Rd,Shouldbe: Muriwai Beach,366305
174.4281630341565,-36.81776985828466,Coast Rd,Shouldbe: Muriwai Beach,364878
174.4327926191188,-36.82282728646408,Coast Rd,Shouldbe: Muriwai Beach,364682
174.4381146327237,-36.81901379799651,Grass Track Rd,Shouldbe: Muriwai Beach,364726
174.3890462,-36.689482100000006,Rimmer Rd,Shouldbe: Muriwai Beach,376867
174.4287060164756,-36.83149776110404,Waitea Rd,Shouldbe: Muriwai Beach,364197
174.43020042579474,-36.83613468374212,Waitea Rd,Shouldbe: Muriwai Beach,364176
174.43007749487577,-36.83657759805017,Waitea Rd,Shouldbe: Muriwai Beach,364163
174.42946000698353,-36.837542746878164,Waitea Rd,Shouldbe: Muriwai Beach,363912
174.4316784690296,-36.8345527752237,Edwin Mitchelson Track,Shouldbe: Muriwai Beach,364155
174.4327484844615,-36.832359280278844,Track,Shouldbe: Muriwai Beach,364257
174.46978825826383,-36.81822417419673,Muriwai Valley Rd,Shouldbe: Muriwai Beach,360877
174.48699795548146,-36.82440825666834,Muriwai Valley Rd,Shouldbe: Muriwai Beach,360595
174.43433195441705,-36.82735450456294,Walkway,Shouldbe: Muriwai Beach,364362
174.4322113370051,-36.82817323914432,Walkway,Shouldbe: Muriwai Beach,364461
174.4290338,-36.8388566,Ngatira Rd,Shouldbe: Muriwai Beach,364103
174.43010999211697,-36.83657694463011,Berridge Rd,Shouldbe: Muriwai Beach,364060
174.4302202374522,-36.83612190501912,Edwin Mitchelson Rd,Shouldbe: Muriwai Beach,364187
174.43165198458584,-36.83452747416347,Edwin Mitchelson Rd,Shouldbe: Muriwai Beach,364196
174.44353304840206,-36.82161212231235,Coster Rd,Shouldbe: Muriwai Beach,363676
174.38752247091915,-36.70631374363792,Selwyn Rd,Shouldbe: Muriwai Beach,372645
174.45368475698683,-36.837072406360434,Taiapa Rd,Shouldbe: Muriwai Beach,362326
174.4188931724546,-36.73803616951175,Eastern Boundary Rd,Shouldbe: Muriwai Beach,370653
174.44366575185003,-36.82112753492141,Motutara Rd,Shouldbe: Muriwai Beach,364201
174.43834,-36.81911831129166,Motutara Rd,Shouldbe: Muriwai Beach,364363
174.43386034415076,-36.82463057576547,Motutara Rd,Shouldbe: Muriwai Beach,364647
174.43174909255748,-36.827498429816664,Motutara Rd,Shouldbe: Muriwai Beach,364635
174.43036560000002,-36.829093,Motutara Rd,Shouldbe: Muriwai Beach,364642
174.4299276,-36.829392,Motutara Rd,Shouldbe: Muriwai Beach,364655
174.42966048890202,-36.829606539186784,Motutara Rd,Shouldbe: Muriwai Beach,364659
174.44816236658815,-36.84189148823544,Constable Rd,Shouldbe: Muriwai Beach,362519
174.44543656702567,-36.843806673875115,Constable Rd,Shouldbe: Muriwai Beach,362385
174.44401350084303,-36.8488140033721,Constable Rd,Shouldbe: Muriwai Beach,362088
174.4244505450594,-36.81051853926372,Coast Rd,Shouldbe: Muriwai Beach,366214
174.42033741737526,-36.7967471622688,Urwin Rd,Shouldbe: Muriwai Beach,367007
174.41249233907848,-36.79849236931767,Pulpit Rock Rd,Shouldbe: Muriwai Beach,367410
174.35994728531537,-36.698943531947535,Inland Rd,Shouldbe: Muriwai Beach,366802
174.4286835817127,-36.831449906857735,Accessway,Shouldbe: Muriwai Beach,364529
174.42883268565652,-36.83111417904377,Quarry Track,Shouldbe: Muriwai Beach,364333
174.4275854295256,-36.832991439925586,"",Shouldbe: Muriwai Beach,364585
174.4258504689854,-36.83271150489704,"",Shouldbe: Muriwai Beach,364727
174.42966573551342,-36.82957638821486,Accessway,Shouldbe: Muriwai Beach,364659
174.4538630400174,-36.83705521600696,Taiapa Valley Rd,Shouldbe: Muriwai Beach,361894
174.4355504181341,-36.8276870478558,Walkway,Shouldbe: Muriwai Beach,364210
174.3844093,-36.7017332,Selwyn Rd,Shouldbe: Muriwai Beach,375876
174.38575,-36.693374500000004,Selwyn Rd,Shouldbe: Muriwai Beach,376808
174.42465738101237,-36.81146666330675,Coast road track,Shouldbe: Muriwai Beach,364887
174.42807467646173,-36.81775492279934,Golf Club access,Shouldbe: Muriwai Beach,365465
174.4252304550665,-36.811165444463555,Grass Track Rd,Shouldbe: Muriwai Beach,366182
174.4244359183706,-36.81097437255795,Beach Access,Shouldbe: Muriwai Beach,366250
174.43209340036523,-36.81511011540243,Road,Shouldbe: Muriwai Beach,365430
174.4201924478992,-36.811502935358774,Beach Access,Shouldbe: Muriwai Beach,366522
174.40133915705562,-36.77872726214729,Coast Rd,Shouldbe: Muriwai Beach,368659
174.40866598771075,-36.79170905142003,Coast Rd,Shouldbe: Muriwai Beach,367948
174.43341817060613,-36.81047313006735,Road,Shouldbe: Muriwai Beach,365422
174.40874340562237,-36.79159367939367,South Block Rd,Shouldbe: Muriwai Beach,368353
174.431517133784,-36.82979769104699,Look Out Track,Shouldbe: Muriwai Beach,364462
174.43568606347495,-36.82915,Edwin Mitchelson Track,Shouldbe: Muriwai Beach,364251
174.4437294930924,-36.82110557598327,Oaia Rd,Shouldbe: Muriwai Beach,364187
174.44342643377678,-36.82167148904168,Oaia Rd,Shouldbe: Muriwai Beach,364135
174.43694893098032,-36.828438960634976,Oaia Rd,Shouldbe: Muriwai Beach,364210
174.4356800799309,-36.829194940051835,Oaia Rd,Shouldbe: Muriwai Beach,363912
174.43404335706444,-36.83637088171027,Oaia Rd,Shouldbe: Muriwai Beach,362525
174.4695923731759,-36.81816499688476,Taiapa Rd,Shouldbe: Muriwai Beach,362533
174.462295396343,-36.825166892649506,Taiapa Rd,Shouldbe: Muriwai Beach,362439
174.40259084089016,-36.75553039822217,Restall Rd,Shouldbe: Muriwai Beach,370653
174.4305956602863,-36.74731,Restall Rd,Shouldbe: Muriwai Beach,370019
174.4317681940087,-36.827483755587316,Domain Cres,Shouldbe: Muriwai Beach,364570
174.4321944252296,-36.82818610489223,Domain Cres,Shouldbe: Muriwai Beach,364560
174.43108773959975,-36.82943678120082,Domain Cres,Shouldbe: Muriwai Beach,364514
174.4315541439521,-36.82978471778374,Domain Cres,Shouldbe: Muriwai Beach,364437
174.43328033558114,-36.828646711395656,Domain Cres,Shouldbe: Muriwai Beach,364461
174.43433838667727,-36.82731789627782,Domain Cres,Shouldbe: Muriwai Beach,364362
174.4355371,-36.827673499999996,Domain Cres,Shouldbe: Muriwai Beach,364360
174.42993456773428,-36.82939978800198,Waitea Rd,Shouldbe: Muriwai Beach,364615
174.42960084097245,-36.83035714850931,Waitea Rd,Shouldbe: Muriwai Beach,364615
174.4287694,-36.831113300000005,Waitea Rd,Shouldbe: Muriwai Beach,364609
174.42901765662057,-36.756865847168115,Pulpit Rock Rd,"Shouldbe: Muriwai Beach, Waimauku",368066
174.47221558275095,-36.80152913201647,Muriwai Rd,"Shouldbe: Muriwai Beach, Waimauku",363430
174.43821473574883,-36.74729157911557,Restall Rd,"Shouldbe: Muriwai Beach, Waimauku",369480
174.47472326894803,-36.80538674417028,Muriwai Valley Rd,"Shouldbe: Muriwai Beach, Waimauku",362534
174.4557705993616,-36.84314604032094,Goldie Bush Walkway,"Shouldbe: Muriwai Beach, Waitakere",361596
174.3320193673929,-36.68014793863835,Coast Rd,"Shouldbe: Muriwai Beach, Woodhill Forest",378749
174.414739308308,-36.80876905236881,Muriwai Beach Drive at low tide 4WD only.,"Shouldbe: Muriwai Beach, Woodhill Forest",366745
174.3420602796137,-36.68109478455608,Inland Rd,"Shouldbe: Muriwai Beach, Woodhill Forest",378561
