178.02309677697505,-38.67211179056942,Customhouse St,Shouldbe: Awapuni,0
174.2736519,-39.5557862,SH3,Shouldbe: Hawera,90
174.04481418896472,-39.17644209448236,Maunga Hts,Shouldbe: Hurworth,492
174.19464365602605,-39.17204849641685,Windsor Rd,Shouldbe: Inglewood,855
176.89061752893488,-39.747512696277134,Kahuranaki Rd,Shouldbe: Kahuranaki,76
176.90262559770218,-39.73852271724262,Walcott Lane,Shouldbe: Kahuranaki,603
176.90888383349983,-39.7334848305033,Walcott Lane,Shouldbe: Kahuranaki,256
176.90280731402765,-39.736805630930185,Walcott Lane,Shouldbe: Kahuranaki,421
176.8164741465355,-39.79671774203411,MacKenzie Rd,Shouldbe: Kahuranaki,900
174.94821979493216,-39.854127381912356,SH3,Shouldbe: Kai Iwi,641
174.92638830965228,-39.84593864512804,SH3,Shouldbe: Kai Iwi,1932
174.95236202761296,-39.85429600218717,SH3,Shouldbe: Kai Iwi,0
174.93596143830968,-39.85387312994419,SH3,Shouldbe: Kai Iwi,565
174.92654627269906,-39.84616718177254,SH3,Shouldbe: Kai Iwi,989
174.9039918,-39.8808224,Handley Rd,Shouldbe: Kai Iwi,2166
174.8924672676827,-39.873027421382126,Handley Rd,Shouldbe: Kai Iwi,1068
174.8916667,-39.872692799999996,Handley Rd,Shouldbe: Kai Iwi,1016
174.91553639999998,-39.886169699999996,Rapanui Rd,Shouldbe: Kai Iwi,1370
174.91508246208681,-39.88612716606406,Rapanui Rd,Shouldbe: Kai Iwi,1400
175.82996232358207,-39.13823578313429,Kaimanawa Rd,Shouldbe: Kaimanawa Forest Park,801
175.82623120864025,-39.13706433216019,Kaimanawa Rd,Shouldbe: Kaimanawa Forest Park,456
174.11447075367713,-39.190989581574534,Hill Rd,Shouldbe: Kaimiro,180
176.9244472,-39.9475384,Te Apiti Rd,Shouldbe: Kairakau,2149
175.08977567218824,-39.95907077994422,SH3,Shouldbe: Kaitoke,3612
175.08058236680628,-39.957604514783846,SH3,Shouldbe: Kaitoke,2896
175.09821147719435,-39.96122716245146,SH3,Shouldbe: Kaitoke,4330
174.44813333047756,-39.71749588795444,SH3,Shouldbe: Kakaramea,0
174.4485142584662,-39.70918464559947,SH3,Shouldbe: Kakaramea,1213
174.4488503,-39.709706999999995,SH3,Shouldbe: Kakaramea,1187
174.4488789,-39.7104097,SH3,Shouldbe: Kakaramea,1171
174.4487644823779,-39.711430583490774,SH3,Shouldbe: Kakaramea,682
175.4423493259186,-39.57543077088415,Rangiora Rd,Shouldbe: Kakatahi,1759
175.4234685131085,-39.62222139938687,Burma Hill Rd,Shouldbe: Kakatahi,3471
175.44981,-39.60175173249752,Whangaehu Valley Rd,Shouldbe: Kakatahi,3498
175.44197275437304,-39.57568492288718,Whangaehu Valley Rd,Shouldbe: Kakatahi,3564
175.45247044724746,-39.54649273700336,Whangaehu Valley Rd,Shouldbe: Kakatahi,3039
175.44996313736894,-39.60121192239996,Kainui Rd,Shouldbe: Kakatahi,2827
175.42528313944183,-39.671897742675725,Mangamahu Rd,"Shouldbe: Kakatahi, Papanui Junction",4543
175.46249552457584,-39.52118403449349,Whangaehu Valley Rd,"Shouldbe: Kakatahi, Tangiwai",3039
175.4530071973714,-39.54631261999316,Owhakura Rd,"Shouldbe: Kakatahi, Tangiwai",0
174.14845,-39.42255381456958,Manaia Rd,Shouldbe: Kaponga,245
174.17090160986606,-39.45080431128243,Palmer Rd,Shouldbe: Kaponga,2337
174.18239324767762,-39.48657186532347,Ahipaipa Rd,Shouldbe: Kapuni,1308
176.8816325,-39.6264187,SH51,Shouldbe: Karamu,1563
176.881909407597,-39.62627671212284,SH51,Shouldbe: Karamu,1374
175.7862480101559,-40.027884957903844,Rangiwahia Rd,Shouldbe: Kimbolton,4011
175.78265803836914,-40.04264480567126,Apiti Rd,Shouldbe: Kimbolton,2940
175.7929900227665,-40.03826433412736,Apiti Rd,Shouldbe: Kimbolton,1480
175.8062488377188,-40.02541524122832,Apiti Rd,Shouldbe: Kimbolton,1404
175.80971958253357,-39.99797544721694,Rangiwahia Rd,Shouldbe: Kimbolton,855
175.78247217432505,-40.04275402060611,Rangiwahia Rd,Shouldbe: Kimbolton,5676
175.98295158427842,-38.66351109161377,Mapara Rd,Shouldbe: Kinloch,2244
175.97275573994605,-38.681032584928694,Mapara Rd,Shouldbe: Kinloch,955
175.97523754293312,-38.66112524678778,Charnley Way,Shouldbe: Kinloch,2253
174.09531212019172,-39.193764094029284,Kent Rd,Shouldbe: Korito,3417
174.0968144129337,-39.17023224875239,Kent Rd,Shouldbe: Korito,2313
174.00279339910904,-39.13559124810551,Plymouth Rd,Shouldbe: Koru,1496
174.0042383446089,-39.140306266837825,Plymouth Rd,Shouldbe: Koru,2036
177.03361315889856,-39.06333349989622,SH2,Shouldbe: Kotemaori,3938
177.02352321216694,-39.06943113959016,SH2,Shouldbe: Kotemaori,3805
175.5452359351916,-38.86379253285121,SH41,Shouldbe: Kuratau,113
175.67911533238748,-38.881473676868,SH41,Shouldbe: Kuratau,1365
175.74245789639684,-38.92418353299732,SH41,"Shouldbe: Kuratau, Tokaanu",129
176.8407531,-39.6640835,Norton Rd,Shouldbe: Longlands,459
176.7943885306654,-39.65944680748283,SH50A,Shouldbe: Longlands,737
176.81444879999998,-39.666961,SH2,Shouldbe: Longlands,891
176.82798169999998,-39.6555893,SH2,Shouldbe: Longlands,131
176.7815779193906,-39.66668105113761,Mangaroa Rd,Shouldbe: Longlands,683
176.7801339,-39.6653825,Mangaroa Rd,Shouldbe: Longlands,500
176.814409603793,-39.66710975237062,Longlands Rd E,Shouldbe: Longlands,279
174.0756535,-39.069546,Holsworthy Rd,Shouldbe: Lower Vogeltown,63
174.05105286157377,-39.0647453864918,Calvert Rd,Shouldbe: Lynmouth,137
174.05065399999998,-39.063908399999995,Calvert Rd,Shouldbe: Lynmouth,38
174.05668744656415,-39.06685045368893,Dorset Ave,Shouldbe: Lynmouth,7
174.050254,-39.0630783,Calvert Rd,Shouldbe: Lynmouth,0
174.0498639,-39.062367099999996,Calvert Rd,Shouldbe: Lynmouth,0
174.34263187808213,-39.45046,Maata Rd,Shouldbe: Maata,818
174.34227904618504,-39.45052127175327,Campbell Rd,Shouldbe: Maata,361
176.84189130000001,-39.631202,Fitzroy Ave,Shouldbe: Mahora,204
176.8434741,-39.6326455,Fitzroy Ave,Shouldbe: Mahora,0
174.68234891869824,-39.27755808048524,Mangarewa Rd,Shouldbe: Makahu,3190
174.67084408711804,-39.248381580439144,Mangarewa Rd,Shouldbe: Makahu,1386
174.6734260507953,-39.26200880115684,Mangarewa Rd,Shouldbe: Makahu,1663
177.95631474907998,-38.644492905243766,SH2,Shouldbe: Makaraka,838
177.95375449744424,-38.64324300481607,SH2,Shouldbe: Makaraka,582
177.94798333672014,-38.64022381339446,SH2,Shouldbe: Makaraka,0
177.94840994848175,-38.640583298987835,SH2,Shouldbe: Makaraka,27
177.94695704514842,-38.648168775146175,Bell Rd,Shouldbe: Makaraka,0
177.94772550904426,-38.64040812623345,Farmer Rd,Shouldbe: Makaraka,0
177.94689411785774,-38.64814931631735,Bushmere Rd,Shouldbe: Makaraka,0
178.14589640293937,-38.64422658263164,SH35,Shouldbe: Makorori,4027
178.1454143,-38.645072400000004,SH35,Shouldbe: Makorori,3951
178.12633339916152,-38.64998711464506,SH35,Shouldbe: Makorori,2256
174.1006231,-39.5483242,SH45,Shouldbe: Manaia,1016
174.11384952473801,-39.549735277226176,SH45,Shouldbe: Manaia,2054
178.00915,-38.64101371888168,Valley Rd,Shouldbe: Mangapapa,70
178.0101318,-38.6382782,Mary St,Shouldbe: Mangapapa,153
178.0089024,-38.639507599999995,Mary St,Shouldbe: Mangapapa,94
178.0084841,-38.639916,Mary St,Shouldbe: Mangapapa,75
178.0083018,-38.6400883,Mary St,Shouldbe: Mangapapa,69
178.0112082,-38.638951399999996,Valley Rd,Shouldbe: Mangapapa,262
178.0095962,-38.64055389999999,Valley Rd,Shouldbe: Mangapapa,129
176.8933907,-39.6191524,SH51,Shouldbe: Mangateretere,449
174.22827960632839,-39.40604660035164,Hastings Rd,Shouldbe: Mangatoki,392
175.95201235184416,-39.813198361672,Auputa Rd,Shouldbe: Mangaweka,2645
175.7858505145141,-39.81132899643875,SH1,Shouldbe: Mangaweka,4809
175.76288113167823,-39.85199208718967,Peka Rd,Shouldbe: Mangaweka,644
175.30667150321935,-38.88300387935068,SH4,Shouldbe: Manunui,143
175.305957,-38.8825346,SH4,Shouldbe: Manunui,64
174.38866711274423,-39.63170093412329,Ingahape Rd,Shouldbe: Manutahi,1
174.42331663631168,-39.646925181812406,Hursthouse Rd,Shouldbe: Manutahi,0
174.38892445851047,-39.63128027809506,Whakamara Rd,"Shouldbe: Manutahi, Ohangai",21
176.5695323740011,-39.6650454344685,SH50,Shouldbe: Maraekakaho,6385
176.903898,-39.521722,Moore Ave,Shouldbe: Maraenui,0
176.9001286,-39.5143739,Lodge Rd,Shouldbe: Maraenui,132
176.899724,-39.514677,Lodge Rd,Shouldbe: Maraenui,93
176.89848398459483,-39.51517947227944,Lodge Rd,Shouldbe: Maraenui,0
176.90318419183913,-39.51269995860439,Bright Cres,Shouldbe: Maraenui,24
176.90318133763796,-39.512719070110386,Geddis Ave,Shouldbe: Maraenui,189
176.9028532,-39.5124427,Geddis Ave,Shouldbe: Maraenui,191
176.9022857,-39.5119648,Geddis Ave,Shouldbe: Maraenui,191
176.9014781,-39.5112868,Geddis Ave,Shouldbe: Maraenui,143
176.9006681,-39.5106266,Geddis Ave,Shouldbe: Maraenui,60
176.9002541,-39.5102735,Geddis Ave,Shouldbe: Maraenui,41
176.8976208,-39.5032432,Kennedy Rd,Shouldbe: Marewa,98
176.89546576530645,-39.49678384839631,Sanders Ave,Shouldbe: Marewa,0
176.8954133698486,-39.496856411059795,Logan Ave,Shouldbe: Marewa,72
176.896735,-39.495199799999995,Hyderabad Rd,Shouldbe: Marewa,276
176.8977696,-39.4952,Hyderabad Rd,Shouldbe: Marewa,188
176.8987304,-39.4952,Hyderabad Rd,Shouldbe: Marewa,107
176.8996607,-39.4951802,Hyderabad Rd,Shouldbe: Marewa,37
176.900323,-39.5015521,Kennedy Rd,Shouldbe: Marewa,396
176.8987062,-39.5025599,Kennedy Rd,Shouldbe: Marewa,217
174.04880879944307,-39.06841759888612,Seaview Rd,"Shouldbe: Marfell, Westown",36
174.05234447076393,-39.07811340260682,Seaview Rd,"Shouldbe: Marfell, Westown",821
175.3083277,-40.057845,Wanganui Rd,Shouldbe: Marton,0
175.3913830008385,-40.11635122349548,Wellington Rd,Shouldbe: Marton,1231
175.4034492100281,-40.12805475503413,Wellington Rd,Shouldbe: Marton,2830
175.30296192768108,-40.10360988718333,SH3,Shouldbe: Marton,0
175.32077270000002,-40.1081767,SH3,Shouldbe: Marton,0
175.33525338001337,-40.03156412316773,Howie Rd,Shouldbe: Marton,1315
175.3171030710501,-40.05834454657429,Wanganui Rd,Shouldbe: Marton,725
175.32216716330632,-40.10891086770825,SH3,Shouldbe: Marton,0
175.41856140000002,-40.137821699999996,Wellington Rd,Shouldbe: Marton,4460
175.3362586263272,-39.934249574261315,Turakina Valley Rd,Shouldbe: Marton,0
175.35908769999998,-40.0655123,Wanganui Rd,Shouldbe: Marton,4393
175.35379279999998,-40.0645496,Wanganui Rd,Shouldbe: Marton,3930
175.33532213477105,-40.06222670587717,Wanganui Rd,Shouldbe: Marton,2323
175.32634917242598,-40.059228569806386,Wanganui Rd,Shouldbe: Marton,1520
175.4178720813074,-40.13924173421382,SH1,Shouldbe: Marton,1063
175.0575383,-39.951486599999996,SH3,Shouldbe: Marybank,1146
175.056827,-39.9512424,SH3,Shouldbe: Marybank,1102
175.05942883800662,-39.952169817939144,SH3,Shouldbe: Marybank,1272
175.067221581158,-39.955479474347406,SH3,"Shouldbe: Kaitoke, Marybank",1931
175.0559587,-39.950903399999994,SH3,"Shouldbe: Marybank, Putiki",1047
177.94604713504228,-38.65780694017102,Wharerata Rd,Shouldbe: Matawhero,2224
177.92472244601962,-38.65642960431433,Wharerata Rd,Shouldbe: Matawhero,641
177.9348931443254,-38.65532262886508,Wharerata Rd,Shouldbe: Matawhero,1270
176.8620497,-39.642764,Sylvan Rd,Shouldbe: Mayfair,164
176.8603669,-39.6438293,Sylvan Rd,Shouldbe: Mayfair,0
176.8697399,-39.533020799999996,Burness Rd,Shouldbe: Meeanee,438
176.8929467566165,-39.544364251626675,Awatoto Rd,Shouldbe: Meeanee,0
176.89757039823888,-39.537438182114045,Riverbend Rd,Shouldbe: Meeanee,1050
176.90092213140872,-39.53022678526598,Riverbend Rd,Shouldbe: Meeanee,905
176.90071860445317,-39.5288907660743,Riverbend Rd,Shouldbe: Meeanee,289
176.9055392,-39.5253123,Kenny Rd,Shouldbe: Meeanee,100
176.90077323453048,-39.53021671086861,Waverley Rd,Shouldbe: Meeanee,981
176.88530137263405,-39.527907668520186,Waverley Rd,Shouldbe: Meeanee,380
176.8784313,-39.526780699999996,Waverley Rd,Shouldbe: Meeanee,0
176.89907819505004,-39.523388585641534,Riverbend Rd,"Shouldbe: Maraenui, Meeanee",0
175.85993411138244,-39.58382533170524,Te Moehau Rd,Shouldbe: Moawhango,675
177.22493315336368,-39.0870418527589,SH2,"Shouldbe: Mohaka, Wairoa",1635
177.79019970460232,-38.98118706053024,Tunanui Rd,Shouldbe: Morere,2415
174.27867262075273,-38.99478702378013,SH3,Shouldbe: Motunui,5919
174.27372820000002,-38.9949187,SH3,Shouldbe: Motunui,7408
174.29589763210808,-38.995250356317655,SH3,Shouldbe: Motunui,4310
174.31453836015456,-38.99581680314831,SH3,"Shouldbe: Motunui, Onaero",2423
174.260698842599,-38.995643342910554,SH3,"Shouldbe: Motunui, Waitara",7826
175.8769379297115,-38.93103057248503,SH1,Shouldbe: Motuoapa,2138
175.882633533304,-38.92740472915514,SH1,Shouldbe: Motuoapa,2744
174.02908024469272,-39.06210365743018,Port View Cres,Shouldbe: Moturoa,0
174.0472800868539,-39.062604896675275,St Aubyn St,Shouldbe: Moturoa,130
174.0469375,-39.0640178,Moulton St,Shouldbe: Moturoa,0
174.04768170000003,-39.0637993,Moulton St,Shouldbe: Moturoa,0
174.0453066,-39.0630628,Lawry St,Shouldbe: Moturoa,170
174.04357265640718,-39.06417259744014,South Rd,Shouldbe: Moturoa,81
174.0430551,-39.0650018,South Rd,Shouldbe: Moturoa,0
174.0415049,-39.0619791,Bayly Rd,Shouldbe: Moturoa,0
174.05549405022683,-39.05807869775947,Belt Rd,Shouldbe: Moturoa,0
174.0565035,-39.059297099999995,Belt Rd,Shouldbe: Moturoa,0
174.02897710000002,-39.0653783,Simons St,Shouldbe: Moturoa,34
174.0553117,-39.0580106,Belt Rd,Shouldbe: Moturoa,27
174.02917940413806,-39.06282753428006,Port View Cres,Shouldbe: Moturoa,0
174.0495976841985,-39.06183028031306,St Aubyn St,Shouldbe: Moturoa,0
175.95333244421457,-38.8872646361144,SH1,Shouldbe: Motutere,1381
176.9192714,-39.489139900000005,Marine Parade,Shouldbe: Napier South,0
176.91787300220813,-39.50926545252501,Marine Parade,Shouldbe: Napier South,0
176.91829759745806,-39.504033838780174,Marine Parade,Shouldbe: Napier South,0
176.9183396,-39.502891,Marine Parade,Shouldbe: Napier South,578
174.08673819999998,-39.0587605,Niger Tce,Shouldbe: New Plymouth,142
174.0591135,-39.0585627,Hine St,Shouldbe: New Plymouth,151
174.0760323,-39.0610532,Carrington St,Shouldbe: New Plymouth,62
174.061472,-39.0578304,Hine St,Shouldbe: New Plymouth,347
174.06466006684997,-39.05687393813908,Hine St,Shouldbe: New Plymouth,637
174.07536716104556,-39.05837716104557,Carrington St,Shouldbe: New Plymouth,304
174.07581748300467,-39.05922923703564,Carrington St,Shouldbe: New Plymouth,99
174.17784418266606,-39.01141243902672,Airport Dr,Shouldbe: New Plymouth Airport,1248
173.90442807509257,-39.26541226688106,Wiremu Rd,Shouldbe: Newall,1126
173.8776530420344,-39.23236664664444,Mid Puniho Rd,"Shouldbe: Newall, Okato",1426
176.0765100251469,-39.542049334171566,Mangaohane Rd,Shouldbe: Ngamahango,3499
176.09564622983342,-39.517653270744965,Mangaohane Rd,Shouldbe: Ngamahango,6117
177.857733,-38.6381719,Brunton Rd,Shouldbe: Ngatapa,733
177.80297905071288,-38.6765744038605,Tiniroto Rd,"Shouldbe: Ngatapa, Waerengaokuri",531
174.1942448,-39.214959400000005,Bedford Rd N,Shouldbe: Norfolk,1288
174.2493280681337,-39.52277168782008,Mawhitiwhiti Rd,Shouldbe: Normanby,626
174.2619491,-39.5474362,Ketemarae Rd,Shouldbe: Normanby,328
174.25538798559464,-39.55459016025278,Ketemarae Rd,Shouldbe: Normanby,0
174.2675138403438,-39.50914259349092,Te Roti Rd,Shouldbe: Normanby,0
174.253672,-39.5067737,Austin Rd,Shouldbe: Normanby,325
174.25318339999998,-39.5064224,Austin Rd,Shouldbe: Normanby,285
176.19432082122336,-40.08377822237251,SH2,Shouldbe: Norsewood,932
176.20680949167757,-40.07972050832244,SH2,Shouldbe: Norsewood,2060
176.19320422467123,-40.085980949101014,SH2,Shouldbe: Norsewood,712
176.1906114676073,-40.088659449725846,SH2,Shouldbe: Norsewood,375
177.7435198726083,-39.03858833121849,SH2,Shouldbe: Nuhaka,3245
177.7685732471942,-39.014286233486594,SH2,Shouldbe: Nuhaka,158
177.7638817718686,-39.01800963380785,SH2,Shouldbe: Nuhaka,355
177.76107080890884,-39.02203915809537,SH2,Shouldbe: Nuhaka,907
177.7546200413362,-39.045608101120024,Nuhaka Opoutama Rd,Shouldbe: Nuhaka,290
177.7604860062966,-39.02493134138481,SH2,Shouldbe: Nuhaka,1417
177.7468891264788,-39.034250491355685,SH2,Shouldbe: Nuhaka,1720
173.95586640739188,-39.118025869802594,SH45,Shouldbe: Oakura,323
173.9573749,-39.1153468,SH45,Shouldbe: Oakura,98
173.80951819999999,-39.3724059,SH45,Shouldbe: Oaonui,402
176.9982125242453,-39.732760857806284,Ocean Beach Rd,Shouldbe: Ocean Beach,1131
175.3390491,-39.378529900000004,Tohunga Rd,Shouldbe: Ohakune,1154
175.4282848170709,-39.40393067889467,Soldiers Rd,Shouldbe: Ohakune,25
175.34128241878597,-39.37966632161969,Tohunga Rd,Shouldbe: Ohakune,1326
175.37553851128834,-39.39475021105148,Tohunga Rd,Shouldbe: Ohakune,4195
174.41513517473405,-39.61200004747757,Whakamara Rd,Shouldbe: Ohangai,2055
175.10515350520006,-39.894326769688774,SH4,Shouldbe: Okoia,597
174.5718967092202,-39.01642805831291,Uruti Rd,Shouldbe: Okoki,0
176.87920844979232,-40.02994323769965,Netherton Rd,Shouldbe: Omakere,280
176.87740579808022,-40.03585321771392,Netherton Rd,Shouldbe: Omakere,957
176.87961694044057,-40.027792473588455,Netherton Rd,Shouldbe: Omakere,45
176.8791512014812,-40.02895921135578,Netherton Rd,Shouldbe: Omakere,180
174.01288800518813,-39.081624296151745,Centennial Dr,Shouldbe: Omata,1235
174.3523237,-38.9981184,SH3,Shouldbe: Onaero,938
174.33650346908442,-38.997734853435354,SH3,Shouldbe: Onaero,1050
174.34411358656766,-39.03598553710638,Ohanga Rd,Shouldbe: Onaero,0
176.8984805,-39.5153962,Riverbend Rd,Shouldbe: Onekawa,0
176.89889259999998,-39.506606399999995,Riverbend Rd,Shouldbe: Onekawa,0
176.8964887,-39.5040084,Riverbend Rd,Shouldbe: Onekawa,286
176.8848028738855,-39.50593205171021,Taradale Rd,Shouldbe: Onekawa,29
176.8973576,-39.5048466,Riverbend Rd,Shouldbe: Onekawa,188
176.89812052102246,-39.50550898670667,Riverbend Rd,Shouldbe: Onekawa,52
176.8978985,-39.511854400000004,Riverbend Rd,Shouldbe: Onekawa,0
176.4754075559538,-39.92934809638922,Ongaonga Rd,Shouldbe: Ongaonga,945
175.25713003580066,-38.72131903938073,SH4,Shouldbe: Ongarue,961
175.25982591458035,-38.73404634167861,SH4,Shouldbe: Ongarue,1064
175.22846813725525,-38.69696135620921,SH4,Shouldbe: Ongarue,1143
175.1991236551405,-38.67843641370802,SH4,Shouldbe: Ongarue,975
175.2598200699194,-38.73358658812104,Koromiko Rd,Shouldbe: Ongarue,24
175.21015499818222,-38.64981670425576,SH4,Shouldbe: Ongarue,3790
175.20782958347692,-38.65438687607692,SH4,Shouldbe: Ongarue,1253
175.21931211585138,-39.3242816988476,Huttons Rd,Shouldbe: Orautoha,1241
175.23342841242808,-39.327314942724485,Ruatiti Rd,Shouldbe: Orautoha,26
175.2058857023582,-39.3106651025023,Ruatiti Airstrip Rd,Shouldbe: Orautoha,59
176.26262228306243,-40.07374774884426,Kopua Rd,Shouldbe: Ormondville,780
176.22875252707334,-40.12104164861777,Matamau Ormondville Rd,Shouldbe: Ormondville,1512
176.23320167180265,-40.118645171924506,Matamau Ormondville Rd,Shouldbe: Ormondville,1712
176.23550543369106,-40.118059556587454,Matamau Ormondville Rd,Shouldbe: Ormondville,1866
175.0277091614144,-39.91504714774064,Great North Rd,Shouldbe: Otamatea,32
176.7129424428865,-39.86356491860879,Middle Rd,Shouldbe: Otane,345
176.7159323,-39.8961766,Middle Rd,Shouldbe: Otane,3260
176.62145275568932,-39.89352854073216,SH2,Shouldbe: Otane,694
176.62190568900849,-39.892816793077564,SH2,Shouldbe: Otane,1091
176.6271,-39.87526119051059,SH2,Shouldbe: Otane,1173
176.63293908034402,-39.83771630087119,SH2,Shouldbe: Otane,3007
175.1057852874739,-38.721519808350735,Ohura Mokau Rd,Shouldbe: Otangiwai,620
175.6573152,-39.0161346,SH47,Shouldbe: Otukou,5282
175.6556955696416,-39.01770085854135,SH47,Shouldbe: Otukou,5480
178.05012196776696,-38.67106983883476,Daphne St,Shouldbe: Outer Kaiti,241
178.05499290327424,-38.67782548362878,Newton St,Shouldbe: Outer Kaiti,34
178.05604423629435,-38.67901534007622,Matthews Rd,Shouldbe: Outer Kaiti,254
178.0569352,-38.6784789,Matthews Rd,Shouldbe: Outer Kaiti,322
178.056534,-38.678678,Matthews Rd,Shouldbe: Outer Kaiti,291
178.0486292,-38.675778300000005,Tyndall Rd,Shouldbe: Outer Kaiti,20
178.05054058365985,-38.67361412451023,Tyndall Rd,Shouldbe: Outer Kaiti,202
178.0510806,-38.671808,Tyndall Rd,Shouldbe: Outer Kaiti,380
178.0511425,-38.671597,Tyndall Rd,Shouldbe: Outer Kaiti,401
178.04617639999998,-38.6723128,Craig Rd,Shouldbe: Outer Kaiti,88
178.04751373549755,-38.67036417857809,Kara St,Shouldbe: Outer Kaiti,46
178.0495524,-38.6718586,Daphne St,Shouldbe: Outer Kaiti,289
178.04966473659883,-38.67078264368308,Daphne St,Shouldbe: Outer Kaiti,194
175.35740847411213,-38.9703116935585,Tunanui Rd,Shouldbe: Owhango,1043
176.868421,-39.5839266,Pakowhai Rd,Shouldbe: Pakowhai,567
176.87150092261928,-39.591536107724124,Pakowhai Rd,Shouldbe: Pakowhai,260
176.88176262229427,-39.57506405926612,Sisson Rd,Shouldbe: Pakowhai,285
176.85487191221412,-39.56481975841992,Pakowhai Rd,Shouldbe: Pakowhai,45
176.866915,-39.581223599999994,Brookfields Rd,Shouldbe: Pakowhai,1210
176.87343428335487,-39.5785754730316,Brookfields Rd,Shouldbe: Pakowhai,541
176.88371080336108,-39.49030774726097,Severn St,Shouldbe: Pandora,0
175.1278136378242,-39.84714537485904,SH4,Shouldbe: Parikino,2
175.15448219387662,-39.84259474489971,SH4,Shouldbe: Parikino,155
175.16729508557106,-39.83164832740943,SH4,Shouldbe: Parikino,1161
175.1733616798944,-39.82334681547598,SH4,Shouldbe: Parikino,2093
175.1903657342453,-39.80424068247886,SH4,Shouldbe: Parikino,4240
175.14800627019386,-39.72161842985342,Whanganui River Rd,Shouldbe: Parikino,3417
175.25653335433344,-39.71776887604841,Te Komai Rd,Shouldbe: Parikino,1250
176.8512699,-39.6460809,Avenue Road East,Shouldbe: Parkvale,44
176.8514382,-39.646259099999995,Avenue Road East,Shouldbe: Parkvale,53
176.85037959932546,-39.64699759595277,Queen St E,Shouldbe: Parkvale,71
176.85670929999998,-39.6426888,Alexandra St,Shouldbe: Parkvale,60
176.8576424,-39.6435721,Alexandra St,Shouldbe: Parkvale,175
176.85438259999998,-39.6456521,Ellison Rd,Shouldbe: Parkvale,179
176.8534592,-39.6447787,Ellison Rd,Shouldbe: Parkvale,61
176.8527372,-39.6441067,Ellison Rd,Shouldbe: Parkvale,0
176.85332209999999,-39.6463412,St Aubyn St E,Shouldbe: Parkvale,176
176.8524091,-39.645438999999996,St Aubyn St E,Shouldbe: Parkvale,50
174.46623337164786,-39.717062204538976,Wilson Rd,Shouldbe: Patea,33
174.4657449,-39.7167828,Wilson Rd,Shouldbe: Patea,0
174.26594205571877,-39.3395468362768,Hunt Rd,Shouldbe: Pembroke,0
176.8811369,-39.5082257,Taradale Rd,Shouldbe: Pirimai,338
176.87830875932582,-39.5098243238101,Taradale Rd,Shouldbe: Pirimai,35
176.87460349999998,-39.513798799999996,Taradale Rd,Shouldbe: Pirimai,0
176.88113080000002,-39.5082308,Niven St,Shouldbe: Pirimai,0
176.87444939535155,-39.514631534921804,Taradale Rd,Shouldbe: Pirimai,0
176.874809,-39.5191089,Tait Dr,Shouldbe: Pirimai,32
176.88184897931126,-39.50778031176564,Taradale Rd,"Shouldbe: Onekawa, Pirimai",414
175.9309329929177,-40.05833029929177,Takapari Rd,Shouldbe: Pohangina,498
174.6718611907746,-39.1690322598162,Ohura Rd,Shouldbe: Pohokura,3568
174.64885559801317,-39.15840762705411,Ohura Rd,Shouldbe: Pohokura,1652
176.87010979897784,-39.49677542759867,Tamatea Dr,Shouldbe: Poraiti,117
176.8701298,-39.496433399999994,Tamatea Dr,Shouldbe: Poraiti,155
176.87005783223748,-39.497301328949874,Tamatea Dr,Shouldbe: Poraiti,117
176.8706138905552,-39.499775195654074,Tamatea Dr,Shouldbe: Poraiti,0
176.8510075,-39.5093583,Merlot Dr,Shouldbe: Poraiti,0
174.036022268092,-39.061479432977,Hakirau St,Shouldbe: Port Taranaki,4
174.03593640000003,-39.061016,Pioneer Rd,Shouldbe: Port Taranaki,625
174.0368044456001,-39.061518514759584,Hakirau St,Shouldbe: Port Taranaki,37
174.0411509874961,-39.061044321002385,Ocean View Pde,Shouldbe: Port Taranaki,0
174.0362553481846,-39.06148178272821,Hakirau St,Shouldbe: Port Taranaki,15
176.72507988587412,-39.74626930002506,SH2,Shouldbe: Poukawa,839
176.74912037050257,-39.732528655910905,SH2,Shouldbe: Poukawa,338
176.71869309002852,-39.75077737160233,SH2,Shouldbe: Poukawa,3250
176.87044256955295,-40.09923027821182,Pourerere Beach Rd,Shouldbe: Pourerere,1593
176.87048195752104,-40.100395113762254,Pourerere Beach Rd,Shouldbe: Pourerere,118
175.74987638317694,-38.91586214614841,Hauraki Tce,Shouldbe: Pukawa Bay,230
175.7511921913217,-38.91733615405771,Hauraki Tce,Shouldbe: Pukawa Bay,371
175.75114379611756,-38.91731238217113,Rereao Lane,Shouldbe: Pukawa Bay,230
175.75279270261237,-38.91593056988289,Te Kuru Lane,Shouldbe: Pukawa Bay,383
175.7483641564891,-38.92090930943956,Puratoke Rise,Shouldbe: Pukawa Bay,252
175.74943648589885,-38.92043128812129,Pukawa Rd,Shouldbe: Pukawa Bay,342
175.74833007014215,-38.920344675423145,Pukawa Rd,Shouldbe: Pukawa Bay,251
175.74831436263298,-38.92034591923538,Puratoke Rise,Shouldbe: Pukawa Bay,229
175.75080493355838,-38.914442241483826,Hauraki Tce,Shouldbe: Pukawa Bay,186
175.7527995,-38.9159094,Hauraki Tce,Shouldbe: Pukawa Bay,364
175.75366568186095,-38.917991966267365,Kaiuru Ave,Shouldbe: Pukawa Bay,397
175.7537796,-38.9161569,Kaiuru Ave,Shouldbe: Pukawa Bay,364
175.7537394367407,-38.9158436633328,Kaiuru Ave,Shouldbe: Pukawa Bay,296
175.7536450704178,-38.91519227363306,Kaiuru Ave,Shouldbe: Pukawa Bay,121
175.75369334929803,-38.91521315148344,Waiparemo Cres,Shouldbe: Pukawa Bay,257
175.75390779939903,-38.91364732597657,Kaiuru Ave,Shouldbe: Pukawa Bay,0
176.8088964549366,-39.48086277696208,Kopaki Bay Rd,Shouldbe: Puketapu,785
176.80568676691152,-39.51924383029429,Springfield Rd,Shouldbe: Puketapu,1500
176.80886930000003,-39.433661300000004,Seafield Rd,Shouldbe: Puketapu,1277
176.53892400228392,-39.31871799695477,Little Bush Rd,Shouldbe: Puketitiri,1332
176.56865123519358,-39.28865327606451,Puketitiri Rd,Shouldbe: Puketitiri,2820
176.54605382784425,-39.27844824574324,Puketitiri Rd,Shouldbe: Puketitiri,3434
176.5123765588644,-39.28480350337109,Puketitiri Rd,Shouldbe: Puketitiri,3448
176.54991645107197,-39.28054570594867,Puketitiri Rd,Shouldbe: Puketitiri,3845
176.55195935848948,-39.28404476707689,Puketitiri Rd,Shouldbe: Puketitiri,3427
176.50879190618443,-39.21350509411532,Makahu Rd,Shouldbe: Puketitiri,787
174.59908948445295,-39.30690564800109,Taihore Rd,Shouldbe: Puniwhakau,1755
177.05354205903856,-38.94970927508939,Waireka Rd,Shouldbe: Putere,43
177.03986318087036,-38.95341606376551,Waireka Rd,Shouldbe: Putere,568
175.05301226081787,-39.946999043271504,SH4,Shouldbe: Putiki,393
175.05286749289033,-39.94820140825802,SH4,Shouldbe: Putiki,165
175.05428738175894,-39.942151030401796,Putiki Dr,Shouldbe: Putiki,220
175.0535677,-39.9444708,Putiki Dr,Shouldbe: Putiki,462
175.05333969999998,-39.9455412,Putiki Dr,Shouldbe: Putiki,577
175.053307257437,-39.945673383707394,Putiki Dr,Shouldbe: Putiki,590
175.0574650123303,-39.94261686729355,Ngatarua North Rd,Shouldbe: Putiki,126
175.0528501,-39.947902799999994,SH4,Shouldbe: Putiki,372
176.8957551416002,-39.13343517089681,Heays Access Rd,Shouldbe: Putorino,88
176.93378239122146,-39.17373190271471,SH2,Shouldbe: Putorino,1843
176.95924624122964,-39.15942828137437,SH2,Shouldbe: Putorino,4092
175.29053473393344,-39.42929449707881,Raetihi Ohakune Rd,Shouldbe: Raetihi,1355
175.28183909999998,-39.4276423,SH4,Shouldbe: Raetihi,5832
175.28174845601322,-39.42887260922519,SH4,Shouldbe: Raetihi,5726
175.2818929,-39.430108800000006,SH4,Shouldbe: Raetihi,5639
175.28218560000002,-39.4309961,SH4,Shouldbe: Raetihi,5481
175.2827549600808,-39.43263236220908,SH4,Shouldbe: Raetihi,5130
175.28323373466597,-39.43717008178151,SH4,Shouldbe: Raetihi,1547
175.30417583028276,-39.43043063349837,Raetihi Ohakune Rd,Shouldbe: Raetihi,292
175.31758521568744,-39.43054880112,Raetihi Ohakune Rd,Shouldbe: Raetihi,113
175.3231944670625,-39.42827442249678,Raetihi Ohakune Rd,Shouldbe: Raetihi,0
175.2974403885026,-39.47230362316306,SH4,Shouldbe: Raetihi,58
174.3002265079672,-39.21151685544226,Tariki Rd S,Shouldbe: Ratapiko,744
174.3094692670068,-39.20194095562338,Tariki Rd S,Shouldbe: Ratapiko,1735
174.32763064358375,-39.20305726307846,Kupara Rd,Shouldbe: Ratapiko,2204
174.29002321874182,-39.21912627611447,Tariki Rd S,Shouldbe: Ratapiko,209
176.61691250640416,-39.7792841693596,Anaroa Rd,Shouldbe: Raukawa,5
177.1426459781564,-39.074362147949635,SH2,Shouldbe: Raupunga,1454
177.14640754915945,-39.07439558826757,SH2,Shouldbe: Raupunga,125
176.8332902,-39.6507206,Railway Rd,Shouldbe: Raureka,452
176.8324484,-39.6514527,Railway Rd,Shouldbe: Raureka,588
174.3680417128607,-39.45267680598506,Maata Rd,"Shouldbe: Maata, Rawhitiroa",2341
174.07735926209418,-39.097915676121886,Hadley Dr,Shouldbe: Ridgewood,20
176.71786283928375,-39.43879006250681,Puketitiri Rd,Shouldbe: Rissington,5649
178.0025155,-38.6418779,Lytton Rd,Shouldbe: Riverdale,0
177.99228801586884,-38.64172075403283,Potae Ave,Shouldbe: Riverdale,48
178.0022625,-38.6424147,Lytton Rd,Shouldbe: Riverdale,80
178.0015571,-38.6438555,Lytton Rd,Shouldbe: Riverdale,136
176.73965761640926,-39.60777885876834,SH50,Shouldbe: Roys Hill,294
176.72230794117004,-39.62587675305111,SH50,Shouldbe: Roys Hill,2559
176.73161206760057,-39.61975618964434,SH50,Shouldbe: Roys Hill,1740
175.0387721,-39.916896099999995,Smart Terrace,Shouldbe: Saint Johns Hill,82
176.8313461,-39.6363464,Southampton St W,Shouldbe: Saint Leonards,458
176.82919440609655,-39.63214397623345,Plunket St,Shouldbe: Saint Leonards,44
176.83844929999998,-39.63194420000001,Grays Rd,Shouldbe: Saint Leonards,101
176.8393735,-39.6313677,Grays Rd,Shouldbe: Saint Leonards,66
176.8330281,-39.632318,Heretaunga St W,Shouldbe: Saint Leonards,174
176.83485879999998,-39.6287173,St Aubyn St W,Shouldbe: Saint Leonards,37
176.83181219999997,-39.6311715,Heretaunga St W,Shouldbe: Saint Leonards,42
176.83573460000002,-39.6294443,St Aubyn St W,Shouldbe: Saint Leonards,134
176.82964651456854,-39.632535200659916,Plunket St,Shouldbe: Saint Leonards,100
176.83619739999997,-39.6298768,St Aubyn St W,Shouldbe: Saint Leonards,194
176.8338362,-39.6331158,Heretaunga St W,Shouldbe: Saint Leonards,284
176.8309447087237,-39.63597595699115,Southampton St W,Shouldbe: Saint Leonards,251
176.8345519,-39.6389221,Southampton St W,Shouldbe: Saint Leonards,786
176.83694437202152,-39.63056302080584,St Aubyn St W,Shouldbe: Saint Leonards,292
176.83373891804476,-39.63813037619676,Southampton St W,Shouldbe: Saint Leonards,654
176.83256594016174,-39.63725367307278,Southampton St W,Shouldbe: Saint Leonards,510
175.23133116743315,-40.14354484580008,Santoft Rd,Shouldbe: Santoft,4574
175.25427293495434,-40.136764992238476,Santoft Rd,"Shouldbe: Lake Alice, Santoft",510
174.02770227554618,-39.06305012825932,Port View Cres,"Shouldbe: Moturoa, Spotswood",0
174.0976474,-39.0486177,McLean St,Shouldbe: Strandon,20
174.0885982,-39.058257,Hobson St,Shouldbe: Strandon,0
174.0944918,-39.049550599999996,McLean St,Shouldbe: Strandon,62
174.1023876,-39.0576867,Lismore St,Shouldbe: Strandon,41
174.4978182077467,-39.29620502898153,Ohura Rd,Shouldbe: Strathmore,144
174.55732812060745,-39.28404838091383,Ohura Rd,Shouldbe: Strathmore,5072
174.56529,-39.27421791382464,Ohura Rd,"Shouldbe: Strathmore, Te Wera",5891
176.2534774490527,-38.932442610947135,Clements Mill Rd,Shouldbe: Taharua,0
175.84022332666373,-39.71874687350711,SH1,Shouldbe: Taihape,3875
175.6828846,-39.542070499999994,SH1,Shouldbe: Taihape,1562
175.80741675327204,-39.687105543163305,SH1,Shouldbe: Taihape,5150
175.80178259729854,-39.684937998136924,SH1,Shouldbe: Taihape,5264
175.6782979763704,-39.54214499200721,Waiaruhe Rd,Shouldbe: Taihape,4801
175.66290354247005,-39.549049025742534,Waiaruhe Rd,Shouldbe: Taihape,4065
175.65770252961283,-39.54873184006014,Waiaruhe Rd,Shouldbe: Taihape,3745
175.81127641585405,-39.69127468001895,SH1,Shouldbe: Taihape,4837
176.34553639310315,-40.03441824620718,Takapau Ormondville Rd,Shouldbe: Takapau,3927
176.26786246355553,-40.02167760887504,SH2,Shouldbe: Takapau,3938
176.25091722610972,-40.043521108035655,SH2,Shouldbe: Takapau,1121
176.2471663,-40.0490663,SH2,Shouldbe: Takapau,461
176.31178609993916,-40.04908579798278,Takapau Ormondville Rd,Shouldbe: Takapau,1284
176.2927500812805,-40.020238573605724,SH2,Shouldbe: Takapau,5356
178.05211293596304,-38.68363752315565,Wainui Rd,Shouldbe: Tamarau,0
178.0516088,-38.679411099999996,Matthews Rd,Shouldbe: Tamarau,58
178.0524887,-38.679521099999995,Matthews Rd,Shouldbe: Tamarau,59
178.0533524,-38.6796303,Matthews Rd,Shouldbe: Tamarau,76
178.0536002,-38.6796613,Matthews Rd,Shouldbe: Tamarau,89
178.0546154726098,-38.67979049750998,Matthews Rd,Shouldbe: Tamarau,163
178.0568513,-38.6878654,Wainui Rd,Shouldbe: Tamarau,592
178.05523595985656,-38.68705857544533,Wainui Rd,Shouldbe: Tamarau,425
178.05441763656805,-38.68634763656806,Wainui Rd,Shouldbe: Tamarau,326
176.86701548082385,-39.512337198549496,York Ave,Shouldbe: Tamatea,581
176.85892937525708,-39.517261518408,Westminster Ave,Shouldbe: Tamatea,0
176.86482900000001,-39.515058,York Ave,Shouldbe: Tamatea,400
176.8723244888026,-39.51306944921909,Coventry Ave,Shouldbe: Tamatea,32
176.8622415,-39.5197233,York Ave,Shouldbe: Tamatea,0
176.8623919682835,-39.519050874321955,York Ave,Shouldbe: Tamatea,0
176.87041063977182,-39.51176078897164,Coventry Ave,Shouldbe: Tamatea,184
176.86573189843418,-39.5138540114791,York Ave,Shouldbe: Tamatea,497
176.8689796,-39.511183800000005,Coventry Ave,Shouldbe: Tamatea,423
176.8640082,-39.5161689,York Ave,Shouldbe: Tamatea,265
176.86271090930114,-39.51816865571511,York Ave,Shouldbe: Tamatea,24
176.86993460000002,-39.511561900000004,Coventry Ave,Shouldbe: Tamatea,380
174.8474701836824,-39.018449036558316,Raekohua Rd,Shouldbe: Tangarakau,462
175.47773,-39.491513976394636,Whangaehu Valley Rd,Shouldbe: Tangiwai,5243
175.478443905927,-39.497619691351545,Whangaehu Valley Rd,Shouldbe: Tangiwai,3439
175.62763864148613,-39.47036924714003,SH49,Shouldbe: Tangiwai,1024
176.8505876019352,-39.53322619903241,Gloucester St,Shouldbe: Taradale,541
176.8560058,-39.5296663,Gloucester St,Shouldbe: Taradale,25
176.85134868270478,-39.53275160175554,Gloucester St,Shouldbe: Taradale,88
174.35647212245524,-39.16858301551713,Tarata Rd,Shouldbe: Tarata,0
174.17372677348803,-39.076304279465404,Upland Rd,Shouldbe: Tarurutangi,602
174.17121570099116,-39.06690859801768,Upland Rd,Shouldbe: Tarurutangi,4224
176.1919967051843,-38.66455996617963,Off Road Hwy,Shouldbe: Tauhara Forest,668
176.17907670646457,-38.67292730823744,Off Road Hwy,Shouldbe: Tauhara Forest,16
175.2510487396802,-38.858388026961954,Taringamotu Rd,Shouldbe: Taumarunui,215
175.25121598089405,-38.86082607642383,Taringamotu Rd,Shouldbe: Taumarunui,321
175.24869348931998,-38.862182990492435,Taringamotu Rd,Shouldbe: Taumarunui,435
175.25072187358964,-38.85723751307674,Taringamotu Rd,Shouldbe: Taumarunui,83
175.9240453,-38.906564700000004,SH1,Shouldbe: Tauranga Taupo,6881
175.91063615429135,-38.90936216779169,SH1,Shouldbe: Tauranga Taupo,5830
175.90745127766624,-38.90976582003539,SH1,Shouldbe: Tauranga Taupo,5616
175.9028699952376,-38.911577808711186,SH1,Shouldbe: Tauranga Taupo,5203
175.8999102683978,-38.91186145521143,SH1,Shouldbe: Tauranga Taupo,5023
175.8976844456133,-38.91291578235419,SH1,Shouldbe: Tauranga Taupo,4812
175.89649343782588,-38.914257952294044,SH1,Shouldbe: Tauranga Taupo,4632
175.8953118,-38.9153095,SH1,Shouldbe: Tauranga Taupo,4478
175.92566610261994,-38.90601789528751,SH1,Shouldbe: Tauranga Taupo,7019
175.91901122765964,-38.90741437271921,SH1,Shouldbe: Tauranga Taupo,6495
175.88678510865984,-38.925335940534595,SH1,"Shouldbe: Motuoapa, Tauranga Taupo",3133
175.0294058,-39.9338345,Carlton Ave,Shouldbe: Tawhero,372
175.0337588,-39.9372166,Carlton Ave,Shouldbe: Tawhero,29
175.0313467,-39.935325399999996,Carlton Ave,Shouldbe: Tawhero,247
175.02999359999998,-39.9342904,Carlton Ave,Shouldbe: Tawhero,288
175.0320274,-39.9358735,Carlton Ave,Shouldbe: Tawhero,126
175.0292614,-39.9336914,Carlton Ave,Shouldbe: Tawhero,399
176.9133261,-39.525009600000004,Waimakariri Dr,Shouldbe: Te Awa,0
176.9119706268772,-39.52499957394896,Waimakariri Dr,Shouldbe: Te Awa,39
176.9129304,-39.52497030000001,Waimakariri Dr,Shouldbe: Te Awa,13
178.0039968,-38.6590043,Childers Rd,Shouldbe: Te Hapara,378
177.9997032,-38.6480052,Lytton Rd,Shouldbe: Te Hapara,92
178.0068005,-38.6597224,Childers Rd,Shouldbe: Te Hapara,559
178.0007139,-38.6582132,Childers Rd,Shouldbe: Te Hapara,82
177.9983772,-38.6509762,Lytton Rd,Shouldbe: Te Hapara,442
178.0029207,-38.658742600000004,Childers Rd,Shouldbe: Te Hapara,281
177.9990235,-38.6495246,Lytton Rd,Shouldbe: Te Hapara,271
178.0020982,-38.6585321,Childers Rd,Shouldbe: Te Hapara,207
178.00567130000002,-38.6594329,Childers Rd,Shouldbe: Te Hapara,488
176.68800673322355,-39.774832022336334,SH2,Shouldbe: Te Hauke,0
176.66137313207798,-39.804838952340255,SH2,Shouldbe: Te Hauke,774
176.64313159999998,-39.8181843,SH2,Shouldbe: Te Hauke,1613
176.69476944403732,-39.7681605175127,SH2,Shouldbe: Te Hauke,12
176.6687427600704,-39.799476987623855,SH2,Shouldbe: Te Hauke,625
176.69754267291077,-39.7657833684922,SH2,Shouldbe: Te Hauke,71
176.6892539010827,-39.75987754895587,Burma Rd,Shouldbe: Te Hauke,839
176.6422363906506,-39.82077160930196,SH2,"Shouldbe: Otane, Te Hauke",6864
176.58115953119537,-39.783703963128644,Raukawa Rd,Shouldbe: Te Onepu,0
176.57963252377482,-39.788046966178065,Raukawa Rd,Shouldbe: Te Onepu,1817
174.26216607764852,-39.48297005213457,Skeet Rd,Shouldbe: Te Roti,326
177.15910419793113,-38.754875802068874,SH38,Shouldbe: Te Urewera,4445
177.1628542188141,-38.7448565395835,SH38,Shouldbe: Te Urewera,5168
174.56805761496076,-39.262147981299066,Ohura Rd,Shouldbe: Te Wera,6474
174.57421617202596,-39.25592724734072,Ohura Rd,Shouldbe: Te Wera,7225
176.25248791505976,-39.75324945321536,Glenny Rd,Shouldbe: Tikokino,1049
174.27572044254111,-39.03093965786348,Ngatimaru Rd,Shouldbe: Tikorangi,1859
174.2798803809889,-39.03385995237638,Inland North Rd,Shouldbe: Tikorangi,3161
174.29353633535754,-39.03026037267967,Inland North Rd,Shouldbe: Tikorangi,1309
174.3137146742622,-39.02507331686726,Inland North Rd,Shouldbe: Tikorangi,771
174.31946668654717,-39.0232698247269,Inland North Rd,Shouldbe: Tikorangi,351
174.2807322976684,-39.04847049632592,Ngatimaru Rd,Shouldbe: Tikorangi,3800
174.2803934,-39.0437672,Ngatimaru Rd,Shouldbe: Tikorangi,3307
174.2797269190994,-39.03394810675454,Ngatimaru Rd,Shouldbe: Tikorangi,2322
174.28090716520816,-39.05148716520817,Ngatimaru Rd,Shouldbe: Tikorangi,4121
174.332744374241,-39.08243261673286,Otaraoa Rd,Shouldbe: Tikorangi,1927
175.76644370214314,-38.96472334480319,SH41,Shouldbe: Tokaanu,1423
175.7784602008039,-38.979779183400325,Hirangi Rd,Shouldbe: Tokaanu,1257
175.7699786740215,-38.97112991073117,SH41,Shouldbe: Tokaanu,1635
175.79636000082974,-38.97844212746538,Hirangi Rd,Shouldbe: Tokaanu,165
175.7687916,-38.9690404,SH41,Shouldbe: Tokaanu,1534
175.77302560553122,-38.97804487574431,SH41,Shouldbe: Tokaanu,1269
175.7776803,-38.9802852,SH41,Shouldbe: Tokaanu,1064
175.76444975480612,-38.96124475727077,SH41,Shouldbe: Tokaanu,1426
175.76537059999998,-38.962759399999996,SH41,Shouldbe: Tokaanu,1420
176.8734814818281,-39.60862771668482,Ruahapia Rd,Shouldbe: Tomoana,1994
176.8659866,-39.6210964,Elwood Rd,Shouldbe: Tomoana,0
176.8646375,-39.6167094,Elwood Rd,Shouldbe: Tomoana,385
176.87580383725864,-39.61168292314991,Ruahapia Rd,Shouldbe: Tomoana,1603
175.53852357412575,-39.19950819510472,SH48,Shouldbe: Tongariro National Park,5818
175.5382229,-39.199093999999995,SH48,Shouldbe: Tongariro National Park,5769
175.5377448,-39.1983574,SH48,Shouldbe: Tongariro National Park,5680
175.73156349791492,-39.01725007623638,SH47,"Shouldbe: Otukou, Tongariro National Park",2533
175.72004094381185,-39.02264242871627,SH47,"Shouldbe: Otukou, Tongariro National Park",2327
176.93855,-39.70833533205442,Tuki Tuki Rd,Shouldbe: Tuki Tuki,4369
175.19833216882904,-40.05113961326816,Turakina Beach Rd,Shouldbe: Turakina,2488
175.30634316887756,-39.97271354270407,Turakina Valley Rd,Shouldbe: Turakina,1973
175.29299907632029,-39.9918861207071,Turakina Valley Rd,Shouldbe: Turakina,2351
175.27367749801522,-40.011964319926015,Turakina Valley Rd,Shouldbe: Turakina,3222
175.24741973678374,-40.02612501680576,Turakina Valley Rd,Shouldbe: Turakina,5166
175.25291998058273,-40.08255086421843,SH3,Shouldbe: Turakina,1959
175.28451292290183,-40.09437663851417,SH3,"Shouldbe: Marton, Turakina",763
176.87964577159553,-39.25337441780992,SH2,Shouldbe: Tutira,1181
176.89185253094504,-39.234488256516464,SH2,Shouldbe: Tutira,1806
176.89041749670298,-39.23162235780826,SH2,Shouldbe: Tutira,1670
176.9221802252237,-39.20604,Ridgemount Rd,Shouldbe: Tutira,0
176.98844610560994,-39.228999171598396,Ridgemount Rd,Shouldbe: Tutira,0
176.9112080496854,-39.18838803128339,Ridgemount Rd,Shouldbe: Tutira,0
174.52897658813401,-39.320481811521645,Mangaotuku Rd,Shouldbe: Tututawa,2132
175.10535014103635,-39.884743989266944,SH4,"Shouldbe: Okoia, Upokongaro",685
174.39947155849197,-39.04975403792917,Matapo Rd,Shouldbe: Urenui,197
174.39778989187118,-39.05088698638808,Matapo Rd,Shouldbe: Urenui,311
175.84191470053327,-39.73581501676419,SH1,Shouldbe: Utiku,2092
175.83360955516838,-39.75202000040517,SH1,Shouldbe: Utiku,276
175.83447180000002,-39.7509566,SH1,Shouldbe: Utiku,360
175.83468054945013,-39.750547990581865,SH1,Shouldbe: Utiku,393
175.83564693424475,-39.74298760173527,SH1,Shouldbe: Utiku,1222
175.8431219,-39.7286342,SH1,"Shouldbe: Taihape, Utiku",2884
174.07562159130597,-39.07790766395602,Huatoki St,Shouldbe: Vogeltown,40
174.07452083795422,-39.07767541471168,Huatoki St,Shouldbe: Vogeltown,52
174.07868549999998,-39.0792352,Huatoki St,Shouldbe: Vogeltown,140
177.93646984105382,-38.64134713724216,Bushmere Rd,Shouldbe: Waerengaahika,0
177.942262,-38.645122199999996,Bushmere Rd,"Shouldbe: Makaraka, Waerengaahika",0
177.74577244506915,-38.69473509758304,Rockhill Rd,Shouldbe: Waerengaokuri,4432
174.5219843900548,-38.89079651570646,White Cliff Bay,Shouldbe: Waiiti,1783
174.51821437814914,-38.892997105772885,White Cliff Bay,Shouldbe: Waiiti,2032
176.96747792828208,-39.73027851344711,Waimarama Rd,Shouldbe: Waimarama,1082
176.92732507133806,-39.72281451248925,Waimarama Rd,Shouldbe: Waimarama,149
176.98161440170054,-39.76015754493297,Waimarama Rd,Shouldbe: Waimarama,0
176.96562509054846,-39.76173698861672,Waimarama Hts,Shouldbe: Waimarama,0
177.76331893230244,-38.82057122316372,Tarewa Rd,Shouldbe: Waingake,7178
177.7620163873785,-38.82030432462788,Paparatu Rd,Shouldbe: Waingake,8136
177.78163307354686,-38.78745758474567,Shanks Rd,Shouldbe: Waingake,5601
177.78143608397212,-38.85020796313291,Tarewa Rd,Shouldbe: Waingake,7049
177.7924820590916,-38.736334279193315,Gordon Rd,Shouldbe: Waingake,71
177.76315320439468,-38.819589745937066,Waingake Rd,Shouldbe: Waingake,5537
177.78186184791483,-38.78743048996792,Waingake Rd,Shouldbe: Waingake,4699
177.79344921693664,-38.7874038410674,Waingake Rd,Shouldbe: Waingake,47
178.0622382921534,-38.690420842363466,Wainui Rd,Shouldbe: Wainui,280
178.0614967,-38.690063300000006,Wainui Rd,Shouldbe: Wainui,211
176.80983176613242,-39.553238404380295,Omarunui Rd,Shouldbe: Waiohiki,167
176.81675194696027,-39.559355980459046,Breckenridge Rd,Shouldbe: Waiohiki,308
175.82313019999998,-38.9987075,Tongariro Rd,Shouldbe: Waiotaka Valley,664
175.82309696421734,-38.99954509864477,Tongariro Rd,Shouldbe: Waiotaka Valley,683
176.87509429423704,-39.62930761596995,SH51,Shouldbe: Waipatu,1773
176.868553,-39.6298071,SH51,Shouldbe: Waipatu,2006
176.8728325139642,-39.62951814590883,SH51,Shouldbe: Waipatu,1953
176.8784323,-39.6278456,SH51,"Shouldbe: Karamu, Waipatu",1582
176.88488399596628,-39.624876249629054,SH51,"Shouldbe: Karamu, Mangateretere, Waipatu",709
176.52016303630379,-39.98961914031727,SH2,Shouldbe: Waipukurau,3526
176.5858513200084,-39.98798681172992,Mt Herbert Rd,Shouldbe: Waipukurau,296
176.58500741562844,-39.988912105943925,Mt Herbert Rd,Shouldbe: Waipukurau,1949
176.49163578377963,-39.974184042471855,SH2,Shouldbe: Waipukurau,870
176.48570524830174,-39.97795850644177,SH2,Shouldbe: Waipukurau,320
176.55904630293222,-39.987377204125416,SH2,Shouldbe: Waipukurau,1770
176.56206326111288,-39.98545755370257,SH2,Shouldbe: Waipukurau,469
177.31004664531991,-39.040007624792814,SH2,Shouldbe: Wairoa,1111
177.24359276586188,-39.08643738134521,SH2,Shouldbe: Wairoa,2167
177.28063479462736,-39.09088516828718,SH2,Shouldbe: Wairoa,3870
177.28288375636257,-39.077978206408254,SH2,Shouldbe: Wairoa,3876
177.28733559891123,-39.074713832313826,SH2,Shouldbe: Wairoa,3105
177.2868609,-39.0746316,Waihua Valley Rd,Shouldbe: Wairoa,4110
177.30928281490122,-39.05252720249239,SH2,Shouldbe: Wairoa,2032
174.83959409126396,-38.83156656202613,Waitaanga North Rd,Shouldbe: Waitaanga,1628
174.2537776545185,-38.998736632528754,SH3,Shouldbe: Waitara,8963
174.2627725,-39.0150093,Wills Rd,Shouldbe: Waitara,524
174.73697688334835,-39.807843961230354,SH3,Shouldbe: Waitotara,4660
174.70971904132216,-39.76416994554441,Moumahaki Rd,Shouldbe: Waitotara,2
174.73904715893332,-39.80918003497993,SH3,Shouldbe: Waitotara,2911
174.7056184854729,-39.7687539177876,Moumahaki Rd,Shouldbe: Waitotara,2
174.70105177253626,-39.77200842810989,Moumahaki Rd,Shouldbe: Waitotara,284
174.76822744619784,-39.8089143814984,SH3,Shouldbe: Waitotara,1514
174.6960452103132,-39.78295813659057,SH3,Shouldbe: Waitotara,5200
174.79656359999998,-39.813831500000006,SH3,Shouldbe: Waitotara,1399
174.7348437796605,-39.80489774293723,SH3,Shouldbe: Waitotara,4864
174.688981954419,-39.778247309698756,SH3,"Shouldbe: Waitotara, Waverley",9360
174.107491,-39.052015499999996,Queens Rd,Shouldbe: Waiwhakaiho,0
174.1285927,-39.041286,Pohutukawa Pl,Shouldbe: Waiwhakaiho,135
174.1298615,-39.0408863,Pohutukawa Pl,Shouldbe: Waiwhakaiho,28
173.82073331359953,-39.19554951586475,Lower Puniho Rd,Shouldbe: Warea,293
173.8026447444687,-39.1884083617257,Lower Puniho Rd,Shouldbe: Warea,395
174.6262636,-39.768713,Station Rd,Shouldbe: Waverley,4840
174.66413590000002,-39.8076449,Tuke Rd,Shouldbe: Waverley,849
174.650776011063,-39.80704,Tuke Rd,Shouldbe: Waverley,1511
174.64265212558664,-39.763582469655276,SH3,Shouldbe: Waverley,13492
174.6758609722616,-39.773559390744445,SH3,Shouldbe: Waverley,10120
174.6021117,-39.7679246,SH3,Shouldbe: Waverley,3614
174.6054354178476,-39.767359415612766,SH3,Shouldbe: Waverley,3819
174.6516315927276,-39.76666572300027,SH3,Shouldbe: Waverley,12571
174.54398433801006,-39.76428480339633,SH3,Shouldbe: Waverley,169
174.66200198734208,-39.76960755965491,SH3,Shouldbe: Waverley,11343
174.5593595546181,-39.75600202712599,Kokako Rd,Shouldbe: Waverley,296
174.59065294033329,-39.772846965012484,SH3,Shouldbe: Waverley,3167
174.0887317,-39.0762093,Upjohn St,Shouldbe: Welbourn,0
175.0153906175904,-39.91894164690779,Montgomery Rd,Shouldbe: Westmere,0
174.0531892051835,-39.07533001690271,Seaview Rd,Shouldbe: Westown,517
174.05630921322975,-39.07798614215317,Waimea St,Shouldbe: Westown,466
174.0636338,-39.067737699999995,Cutfield Rd,Shouldbe: Westown,127
174.063234,-39.066928100000005,Cutfield Rd,Shouldbe: Westown,32
174.0652732,-39.0655567,Morley St,Shouldbe: Westown,0
174.06559472897118,-39.06622806706852,Morley St,Shouldbe: Westown,33
174.05883669961767,-39.08062341583089,Waimea St,Shouldbe: Westown,72
174.0568529965849,-39.0789556109173,Waimea St,Shouldbe: Westown,221
174.05707759470306,-39.0671656704655,Dorset Ave,"Shouldbe: Lynmouth, Westown",135
176.87611664500383,-39.474630170384714,Watchman Rd,Shouldbe: Westshore,269
176.8721377,-39.4743288,Watchman Rd,Shouldbe: Westshore,0
176.87675343534008,-39.47482875803731,Watchman Rd,Shouldbe: Westshore,271
177.6157347849418,-39.04749486284764,SH2,Shouldbe: Whakaki,481
177.60901739196368,-39.041419548202406,SH2,Shouldbe: Whakaki,3944
177.5847314,-39.037342100000004,SH2,Shouldbe: Whakaki,1905
176.8772414317019,-39.607335664592846,Whakatu Rd,Shouldbe: Whakatu,197
176.88015994737992,-39.606203441811445,Whakatu Rd,Shouldbe: Whakatu,443
175.11387493353556,-39.9730925353285,SH3,"Shouldbe: Kaitoke, Whangaehu",6183
175.0419321,-39.9229279,Glasgow St,Shouldbe: Whanganui,309
175.040301,-39.924578800000006,Glasgow St,Shouldbe: Whanganui,137
175.04114159999997,-39.9237186,Glasgow St,Shouldbe: Whanganui,230
175.0539742,-39.9340385,Victoria Ave,Shouldbe: Whanganui,212
175.0429135680193,-39.95603674298915,Wikitoria Rd,Shouldbe: Whanganui Airport,151
175.04520426321517,-39.95462068524723,Wikitoria Rd,Shouldbe: Whanganui Airport,2
175.08262152860425,-39.91718705340147,No 3 Line,Shouldbe: Whanganui East,9
175.1499109,-39.6960397,Whanganui River Rd,Shouldbe: Whanganui National Park,591
175.1383366297648,-39.72729412329257,Whanganui River Rd,"Shouldbe: Parikino, Whanganui National Park",597
178.0303305,-38.6658295,Ormond Rd,Shouldbe: Whataupoko,93
178.0314148353741,-38.6463659958639,Valley Rd,Shouldbe: Whataupoko,252
178.031113,-38.6459442,Valley Rd,Shouldbe: Whataupoko,201
178.03023189074182,-38.64902938174649,Hill Rd,Shouldbe: Whataupoko,190
178.029121,-38.648614099999996,Hill Rd,Shouldbe: Whataupoko,106
178.03196382227657,-38.64689264619147,Valley Rd,Shouldbe: Whataupoko,327
178.0287932,-38.6484417,Hill Rd,Shouldbe: Whataupoko,88
