174.3533694,-35.7367389,Riverside Dr,"Shouldbe: Abbey Caves, Parahaki",390
173.571525610818,-35.6934020741383,Waipoua Settlement Rd,"Shouldbe: Aranga, Waipoua Forest",776
173.948830023894,-35.9740119129494,Arapohue Rd,Shouldbe: Arapohue,1105
173.951080665055,-35.9748754534465,Arapohue Rd,Shouldbe: Arapohue,1318
173.998709997256,-35.9024068138169,Pukehuia Rd,Shouldbe: Arapohue,186
173.895765365802,-36.017156033647,Redhill Rd,Shouldbe: Aratapu,946
174.3145671,-35.7221264,Selwyn Ave,Shouldbe: Avenues,85
174.313264356871,-35.7301831865699,Maunu Rd,Shouldbe: Avenues,112
174.314678697219,-35.7294724887652,Maunu Rd,Shouldbe: Avenues,262
174.3154611,-35.7286282,Maunu Rd,Shouldbe: Avenues,374
174.3107053,-35.728923,Kauika Rd,Shouldbe: Avenues,0
174.3113535,-35.7297418,Kauika Rd,Shouldbe: Avenues,0
174.3120917,-35.7307444,Maunu Rd,Shouldbe: Avenues,0
174.3122514,-35.724849,SH1,Shouldbe: Avenues,354
174.3102338,-35.7282216,Kauika Rd,Shouldbe: Avenues,0
174.312072412197,-35.7307402647051,Kauika Rd,Shouldbe: Avenues,0
174.314564864762,-35.7221627116445,SH1,Shouldbe: Avenues,183
174.3132861,-35.7217687,Selwyn Ave,Shouldbe: Avenues,191
174.3128964,-35.7216387,Selwyn Ave,Shouldbe: Avenues,228
173.898012110915,-35.9164562026263,SH14,Shouldbe: Awakino Point,289
173.892371163309,-35.9234643822081,SH14,Shouldbe: Awakino Point,44
173.895317609064,-35.9116476412038,SH14,Shouldbe: Awakino Point,1169
173.886975287049,-35.8938482176226,SH14,Shouldbe: Awakino Point,1070
173.250422858949,-35.026368187855,SH1,Shouldbe: Awanui,158
173.1993821,-35.0371831,Sweetwater Rd,Shouldbe: Awanui,737
173.1995954,-35.0374934,Sweetwater Rd,Shouldbe: Awanui,727
173.200260541204,-35.0378672974869,Sweetwater Rd,Shouldbe: Awanui,475
173.2578734,-35.0671146,SH1,Shouldbe: Awanui,1004
173.251639472835,-35.0272804915931,SH1,Shouldbe: Awanui,1267
173.253803326714,-35.0308115231862,SH1,Shouldbe: Awanui,1365
173.2582115,-35.0586149,SH1,Shouldbe: Awanui,1883
173.256442068852,-35.0463119894074,SH10,Shouldbe: Awanui,8070
173.846677636553,-35.6236486370747,SH15,"Shouldbe: Awarua, Nukutawhiti",2723
174.039212696725,-36.3867669973357,Ripiro Beach - 4WD at low tide only,"Shouldbe: Baylys Beach, Pouto",18
174.741716382187,-36.3178286683671,Leigh Rd,Shouldbe: Big Omaha,666
174.7426518,-36.3178994,Leigh Rd,Shouldbe: Big Omaha,1447
174.730880301535,-36.322295469471,Omaha Valley Rd,Shouldbe: Big Omaha,3696
174.726110209807,-36.3138815764377,Omaha Valley Rd,Shouldbe: Big Omaha,4542
174.730947306906,-36.3224007723748,Leigh Rd,Shouldbe: Big Omaha,129
173.287376529537,-35.2872436713211,Awaroa River Rd,Shouldbe: Broadwood,1042
173.308376509748,-35.2417926861929,Waiotehue Rd,Shouldbe: Broadwood,0
173.350821,-35.251759,Pukemiro Rd,Shouldbe: Broadwood,1527
173.372370125091,-35.264217672063,Pukemiro Rd,Shouldbe: Broadwood,1538
173.492519889315,-34.9928510783155,SH10,Shouldbe: Cable Bay,1693
173.5020877,-34.9926098,SH10,Shouldbe: Cable Bay,988
173.496183299261,-34.9928106672862,SH10,Shouldbe: Cable Bay,1398
173.4977743,-34.9927605,SH10,Shouldbe: Cable Bay,1279
173.5035453,-34.9926793,SH10,Shouldbe: Cable Bay,895
173.501841598071,-34.9925894547577,SH10,Shouldbe: Cable Bay,1004
173.4999977,-34.9925719,SH10,Shouldbe: Cable Bay,1129
173.4897535,-34.9916091,SH10,Shouldbe: Cable Bay,1983
173.509355009886,-34.9924935700163,SH10,Shouldbe: Coopers Beach,439
173.5211876,-34.9904397,SH10,Shouldbe: Coopers Beach,111
173.520881808419,-34.9904002891736,SH10,Shouldbe: Coopers Beach,80
173.514082481955,-34.9903973373453,SH10,Shouldbe: Coopers Beach,152
173.5098453,-34.9923514,SH10,Shouldbe: Coopers Beach,407
173.5068448,-34.9926006,SH10,Shouldbe: Coopers Beach,652
173.5053343,-34.9926601,SH10,Shouldbe: Coopers Beach,785
173.504757900759,-34.992670331486,SH10,"Shouldbe: Cable Bay, Coopers Beach",834
173.871199597353,-35.9311062800424,Awakino Rd,Shouldbe: Dargaville,1201
173.867630877756,-35.9162453262887,Awakino Rd,Shouldbe: Dargaville,228
173.867183923473,-35.9183191837935,Awakino Rd,Shouldbe: Dargaville,369
173.867686393634,-35.9222010972918,Awakino Rd,Shouldbe: Dargaville,595
173.8689768,-35.9269386,Awakino Rd,Shouldbe: Dargaville,1133
173.8686504,-35.9257743,Awakino Rd,Shouldbe: Dargaville,907
174.622740733554,-36.3684829862754,SH1,Shouldbe: Dome Forest,0
174.639998300852,-36.3845554974327,SH1,Shouldbe: Dome Forest,0
174.62704405788,-36.3705457970152,SH1,Shouldbe: Dome Forest,0
174.632441804399,-36.376524702734,SH1,Shouldbe: Dome Forest,457
174.61256,-36.3649953996563,SH1,Shouldbe: Dome Forest,0
174.57915,-36.3505073894985,Saunders Rd,"Shouldbe: Dome Forest, Wellsford",349
174.603262707507,-36.3590021936739,SH1,"Shouldbe: Dome Forest, Wellsford",0
173.618526423201,-35.710348545238,Katui Rd,Shouldbe: Donnellys Crossing,1021
173.652555303147,-35.7212704297797,Trounson Park Rd,Shouldbe: Donnellys Crossing,1199
173.59854142914,-35.7058822155693,Katui Rd,Shouldbe: Donnellys Crossing,777
174.00455234874,-35.2906428366947,SH11,Shouldbe: Haruru,1424
174.016392572348,-35.2909236570203,SH11,Shouldbe: Haruru,2000
174.01357872925,-35.2907221318319,SH11,Shouldbe: Haruru,1651
173.210950700376,-35.26586,Kaitaia-Awaroa Rd,Shouldbe: Herekino,4223
173.231979870501,-35.2638895900688,Kaitaia-Awaroa Rd,Shouldbe: Herekino,3580
174.409836065025,-35.5794591169381,Matapouri Rd,Shouldbe: Hikurangi,1259
174.396678365618,-35.5674512993414,Matapouri Rd,Shouldbe: Hikurangi,2412
174.2866768,-35.6125631,SH1,Shouldbe: Hikurangi,919
174.286230691352,-35.6116559956242,SH1,Shouldbe: Hikurangi,955
174.421169298248,-35.579990643888,Matapouri Rd,Shouldbe: Hikurangi,479
174.292215679491,-35.6243924774465,SH1,Shouldbe: Hikurangi,82
174.2927158,-35.6247968,SH1,Shouldbe: Hikurangi,49
174.407732166843,-35.5773768556476,Matapouri Rd,Shouldbe: Hikurangi,1422
174.295367718335,-35.7370207605551,Hospital Rd,Shouldbe: Horahora,653
174.296203127467,-35.7368553453037,Hospital Rd,Shouldbe: Horahora,577
174.296200689694,-35.7368406896941,Hospital Rd,Shouldbe: Horahora,577
174.298396659875,-35.7361723575884,Hospital Rd,Shouldbe: Horahora,368
174.303960025977,-35.7358632900381,Hospital Rd,Shouldbe: Horahora,76
174.300350139945,-35.7359489117778,Hospital Rd,Shouldbe: Horahora,226
173.700254136889,-35.3451570480097,Harrison Rd,Shouldbe: Horeke,6
173.7391394,-35.3551053,Imms Rd,Shouldbe: Horeke,22
173.698910285365,-35.3449195760295,Harrison Rd,Shouldbe: Horeke,0
173.1080061,-34.7952002,Saleyard Ave,Shouldbe: Houhora,0
173.112081947367,-34.7419800689979,Henderson Bay Rd,Shouldbe: Houhora,2938
174.184851697858,-35.4625122703162,Monument Rd,Shouldbe: Hukerenui,2685
174.182985056244,-35.5322065589848,Crows Nest Rd,Shouldbe: Hukerenui,0
174.161905342529,-35.4675413822354,Monument Rd,Shouldbe: Hukerenui,616
173.646340479193,-35.0547996629607,Taratara Rd,Shouldbe: Kaeo,1238
173.761415589599,-35.0817161387385,Whangaroa Rd,Shouldbe: Kaeo,2731
173.868898463614,-35.0219465431323,Wainui Rd,Shouldbe: Kaeo,739
173.658143546806,-35.0436106680323,SH10,"Shouldbe: Kaeo, Totara North",1661
173.706237060476,-35.7138667016899,Opouteke Rd,Shouldbe: Kaihu,4984
173.679687976782,-35.7401551907128,Opouteke Rd,Shouldbe: Kaihu,1202
173.675055485313,-35.722988820754,Opouteke Rd,Shouldbe: Kaihu,2917
173.764041109565,-35.5028199303837,Mataraua Rd,Shouldbe: Kaikohe,648
173.822334817128,-35.4472100804975,SH15,Shouldbe: Kaikohe,1433
173.8095248,-35.4196442,SH15,Shouldbe: Kaikohe,4710
173.826811031345,-35.4605420708958,SH15,Shouldbe: Kaikohe,2
173.82010516816,-35.4400634341892,SH15,Shouldbe: Kaikohe,2240
173.823203538452,-35.4532537691343,SH15,Shouldbe: Kaikohe,798
173.726781560104,-35.4602105615343,SH12,Shouldbe: Kaikohe,752
173.852219877638,-35.3825631414468,SH12,Shouldbe: Kaikohe,327
173.776263873709,-35.488140697803,Mataraua Rd,Shouldbe: Kaikohe,1053
173.85686408106,-35.4421387052319,Ngapipito Rd,Shouldbe: Kaikohe,0
173.828308391283,-35.4591585358214,Ngapipito Rd,Shouldbe: Kaikohe,2059
173.813550246409,-35.4271443277255,SH15,Shouldbe: Kaikohe,3798
173.850618469381,-35.3844150374631,SH12,Shouldbe: Kaikohe,919
173.8128573,-35.4274079,How Rd,Shouldbe: Kaikohe,3798
173.810290411827,-35.421828826117,SH15,Shouldbe: Kaikohe,4459
173.358580637109,-35.0811555955919,Fisher-Riley Rd,Shouldbe: Kaingaroa,43
173.321671059633,-35.0485708547222,Church Rd,Shouldbe: Kaingaroa,1768
173.35574,-35.0670685077698,Fisher-Riley Rd,Shouldbe: Kaingaroa,1448
173.359893817302,-35.0756559467633,Fisher-Riley Rd,Shouldbe: Kaingaroa,425
173.322663451291,-35.0498463855795,Church Rd,Shouldbe: Kaingaroa,1732
173.353022779108,-35.0606812449609,Fisher-Riley Rd,Shouldbe: Kaingaroa,1846
174.524174364357,-36.3874611987698,Tauhoa Rd,Shouldbe: Kaipara Flats,616
173.28535360005,-35.1958318910369,Diggers Valley Rd,Shouldbe: Kaitaia,1162
173.249783825252,-35.1297330485272,Kaitaia-Awaroa Rd,Shouldbe: Kaitaia,149
173.329087172445,-35.1735049688457,Diggers Valley Rd,Shouldbe: Kaitaia,3763
173.288297820477,-35.1919012324118,Diggers Valley Rd,Shouldbe: Kaitaia,1449
173.395878173108,-35.0968526553327,Duncan Rd,Shouldbe: Kaitaia,1904
173.415885225516,-35.1026877842452,Fairburn Rd,Shouldbe: Kaitaia,913
173.431692653919,-35.1153713486286,Wells Rd,Shouldbe: Kaitaia,204
173.389497565109,-35.0637759895826,Duncan Rd,Shouldbe: Kaitaia,444
173.39416689788,-35.0675917212593,Duncan Rd,Shouldbe: Kaitaia,361
173.390385492217,-35.0831287147664,Duncan Rd,Shouldbe: Kaitaia,540
174.515163194961,-36.1606962431764,Valley Rd,Shouldbe: Kaiwaka,1483
174.4977344,-36.1518306,Lara Lane,Shouldbe: Kaiwaka,134
174.539863965553,-36.1628897615432,Valley Rd,Shouldbe: Kaiwaka,2061
174.4973935,-36.1533745,Lara Lane,Shouldbe: Kaiwaka,249
174.5035824,-36.148726,Settlement Rd,Shouldbe: Kaiwaka,0
174.511218455448,-36.1499993809169,Valley Rd,Shouldbe: Kaiwaka,292
174.506121848797,-36.1492815953476,Valley Rd,Shouldbe: Kaiwaka,7
174.503841789993,-36.1483416024636,Valley Rd,Shouldbe: Kaiwaka,0
174.497475059999,-36.1534046062625,Settlement Rd,Shouldbe: Kaiwaka,44
174.4963909,-36.1511871,Lara Lane,Shouldbe: Kaiwaka,134
174.4971723,-36.1509028,Lara Lane,Shouldbe: Kaiwaka,134
174.4982888,-36.1504941,Lara Lane,Shouldbe: Kaiwaka,133
174.514161562348,-36.1502543310961,Valley Rd,Shouldbe: Kaiwaka,444
174.137519301596,-35.3688438240073,Owae Rd,Shouldbe: Karetu,0
174.32321050338,-35.6662927336859,Vinegar Hill Rd,Shouldbe: Kauri,629
174.320501078367,-35.6643947659143,Vinegar Hill Rd,Shouldbe: Kauri,822
174.2626984,-35.6210267,Apotu Rd,Shouldbe: Kauri,410
174.325774821432,-35.6667828061235,Vinegar Hill Rd,Shouldbe: Kauri,625
174.326548964969,-35.6685579246376,Vinegar Hill Rd,Shouldbe: Kauri,538
174.264460123831,-35.6513948586824,Homestead Grv,Shouldbe: Kauri,285
174.2644291,-35.6513831,Crane Rd,Shouldbe: Kauri,402
174.2941905,-35.6468786,Crane Rd,Shouldbe: Kauri,1229
174.264425641513,-35.6504901782931,Crane Rd,Shouldbe: Kauri,469
174.2813625,-35.6480707,Crane Rd,Shouldbe: Kauri,504
174.281657338609,-35.6481527608424,Crane Rd,Shouldbe: Kauri,510
174.286317188221,-35.6493339581731,Crane Rd,Shouldbe: Kauri,723
174.317438310303,-35.6626018072018,Vinegar Hill Rd,Shouldbe: Kauri,1072
174.315827785758,-35.660341319395,Vinegar Hill Rd,Shouldbe: Kauri,1358
174.3264048281,-35.6673632540435,Vinegar Hill Rd,Shouldbe: Kauri,656
174.305591826953,-35.6511381349312,Vinegar Hill Rd,Shouldbe: Kauri,2680
174.3059268,-35.6518531,Vinegar Hill Rd,Shouldbe: Kauri,2599
174.304194838521,-35.6477541165781,Vinegar Hill Rd,Shouldbe: Kauri,3069
174.2889925,-35.6484739,Crane Rd,Shouldbe: Kauri,959
174.3142066,-35.6589178,Vinegar Hill Rd,Shouldbe: Kauri,1562
174.31379642682,-35.6586535788268,Vinegar Hill Rd,Shouldbe: Kauri,1596
174.307622092244,-35.6535537650388,Vinegar Hill Rd,Shouldbe: Kauri,2360
174.306927050341,-35.6528421517219,Vinegar Hill Rd,Shouldbe: Kauri,2459
174.064071815436,-35.3787267851144,SH1,Shouldbe: Kawakawa,1241
174.07286770287,-35.4102308242729,SH1,"Shouldbe: Kawakawa, Waiomio",4063
174.3254322,-35.707794,Mill Rd,Shouldbe: Kensington,152
174.3212375,-35.7106733,Wrack St,Shouldbe: Kensington,9
174.3266083,-35.703058,Mill Rd,Shouldbe: Kensington,543
174.3267783,-35.7032877,Mill Rd,Shouldbe: Kensington,516
174.326701778204,-35.7039533721474,Mill Rd,Shouldbe: Kensington,443
174.3266307,-35.7041481,Mill Rd,Shouldbe: Kensington,423
174.3263825,-35.7050212,Mill Rd,Shouldbe: Kensington,331
174.3262513,-35.7053666,Mill Rd,Shouldbe: Kensington,298
174.325656,-35.7071817,Mill Rd,Shouldbe: Kensington,160
174.3199923,-35.7110017,Wrack St,Shouldbe: Kensington,69
174.3233235,-35.7106102,Graham St,Shouldbe: Kensington,0
174.3250538,-35.708988,Mill Rd,Shouldbe: Kensington,94
174.3246639,-35.7106137,Mill Rd,Shouldbe: Kensington,0
174.319793433052,-35.6992857478931,Keyte St,Shouldbe: Kensington,0
174.319224799571,-35.7017701516632,Keyte St,Shouldbe: Kensington,263
174.3186268,-35.703749,Keyte St,Shouldbe: Kensington,485
174.3161278,-35.7030684,Kamo Rd,Shouldbe: Kensington,0
174.3163478,-35.7032284,Kamo Rd,Shouldbe: Kensington,0
174.3182904,-35.7046259,Kamo Rd,Shouldbe: Kensington,0
174.3216597,-35.7085082,Kamo Rd,Shouldbe: Kensington,604
174.3192406,-35.7054716,Kamo Rd,Shouldbe: Kensington,97
174.3216288,-35.7083266,Kamo Rd,Shouldbe: Kensington,568
174.3201212,-35.7064601,Kamo Rd,Shouldbe: Kensington,223
174.320625,-35.7070244,Kamo Rd,Shouldbe: Kensington,358
174.321500106722,-35.7079815200478,Kamo Rd,Shouldbe: Kensington,435
174.321957,-35.7104999,Kamo Rd,"Shouldbe: Kensington, Regent",621
173.902708206376,-35.2656009912434,Waimate North Rd,Shouldbe: Kerikeri,2322
173.9043551,-35.2838507,Waimate North Rd,Shouldbe: Kerikeri,818
173.901996657686,-35.2788273719519,Waimate North Rd,Shouldbe: Kerikeri,945
173.899957020737,-35.2719549333993,Waimate North Rd,Shouldbe: Kerikeri,1544
173.912869558477,-35.1787666197285,Stanners Rd,Shouldbe: Kerikeri,274
173.932284233424,-35.19253,Kapiro Rd,Shouldbe: Kerikeri,723
173.923182487208,-35.242522514297,Blue Gum Lane,Shouldbe: Kerikeri,120
173.951057385846,-35.1945936563257,Kapiro Rd,Shouldbe: Kerikeri,1532
173.958825679018,-35.19481,Kapiro Rd,Shouldbe: Kerikeri,2180
173.9622908,-35.1954537,Kapiro Rd,Shouldbe: Kerikeri,2466
173.9634609,-35.1958551,Kapiro Rd,Shouldbe: Kerikeri,2552
173.918348583185,-35.1929244136181,Kapiro Rd,Shouldbe: Kerikeri,399
173.9137253,-35.1920684,Kapiro Rd,Shouldbe: Kerikeri,0
173.945658248414,-35.19376,Kapiro Rd,Shouldbe: Kerikeri,1179
173.93854158913,-35.1936322465208,Kapiro Rd,Shouldbe: Kerikeri,828
173.9484654,-35.1940256,Kapiro Rd,Shouldbe: Kerikeri,1363
173.956304136578,-35.2840639653279,SH10,Shouldbe: Kerikeri,4905
173.897575671682,-35.2779244517524,Arthur Taylor Pl,Shouldbe: Kerikeri,1544
173.9150038,-35.1529538,Stanners Rd,Shouldbe: Kerikeri,1111
173.459145124726,-35.3163631528597,Paponga Rd,Shouldbe: Kohukohu,0
173.460791049259,-35.3205811628443,Paponga Rd,Shouldbe: Kohukohu,464
173.466072465694,-35.3275055112885,Paponga Rd,Shouldbe: Kohukohu,1347
173.463670148136,-35.325830148136,Paponga Rd,Shouldbe: Kohukohu,1093
173.481802824114,-35.3600034490189,West Coast Rd,Shouldbe: Kohukohu,144
174.182212559006,-35.7038843177014,Kokopu Rd,Shouldbe: Kokopu,455
174.197216412795,-35.717749145345,McKinley Rd,Shouldbe: Kokopu,441
174.174515937808,-35.7106254408256,Kokopu Rd,Shouldbe: Kokopu,498
174.183249088835,-35.7093038924854,Kokopu Rd,Shouldbe: Kokopu,860
173.3870932,-35.0537906,Duncan Rd,Shouldbe: Lake Ohia,64
173.365928717612,-34.9908426629163,SH10,Shouldbe: Lake Ohia,3687
173.368246942928,-34.9898286616513,SH10,Shouldbe: Lake Ohia,3464
173.380017502755,-34.9846930395726,SH10,Shouldbe: Lake Ohia,2322
173.387453980391,-35.0539882240845,Duncan Rd,"Shouldbe: Kaitaia, Lake Ohia",0
174.555293326672,-36.055145564437,Tarata Pl,Shouldbe: Langs Beach,1738
174.794387433043,-36.296976685222,Leigh Rd,Shouldbe: Leigh,843
174.792197988613,-36.3007433128725,Leigh Rd,Shouldbe: Leigh,504
174.796785336204,-36.2958808810863,Leigh Rd,Shouldbe: Leigh,850
174.792146084463,-36.3007082849783,Kourataki Rd,Shouldbe: Leigh,166
174.7983643,-36.2952265,Leigh Rd,Shouldbe: Leigh,1089
174.79525604901,-36.2983103028607,Leigh Rd,Shouldbe: Leigh,524
174.792024586923,-36.3011300709583,Leigh Rd,"Shouldbe: Leigh, Ti Point",232
173.848516777587,-35.8551371045031,Waihue Rd,Shouldbe: Mamaranui,5671
173.842751721531,-35.9101536451102,Waihue Rd,"Shouldbe: Mamaranui, Parore",1
174.492170234784,-36.3800207255792,Tauhoa Rd,Shouldbe: Mangakura,0
174.516914356285,-36.3852456716187,Tauhoa Rd,"Shouldbe: Dome Forest, Mangakura",156
174.518431056397,-36.3856928800187,Tauhoa Rd,"Shouldbe: Dome Forest, Kaipara Flats, Mangakura",188
174.229598410041,-35.8725194874484,Waiotira Rd,Shouldbe: Mangapai,234
174.246570121711,-35.8662851825665,Paparoa Rd,Shouldbe: Mangapai,10
174.267764180929,-35.8995129359683,Paparoa Rd,Shouldbe: Mangapai,115
174.261868753248,-35.9070674458605,Paparoa Rd,Shouldbe: Mangapai,0
174.292359530193,-35.942574880531,McConnell Rd,Shouldbe: Mangapai,47
174.566622206645,-36.076159027057,Sanctuary Lane,Shouldbe: Mangawhai,308
174.57655669039,-36.1105520225392,Molesworth Dr,Shouldbe: Mangawhai,76
174.576154115558,-36.1105497256295,Molesworth Dr,Shouldbe: Mangawhai,76
174.548547675471,-36.1569434290924,Cames Rd,Shouldbe: Mangawhai,0
174.5498794,-36.1585774,Cames Rd,Shouldbe: Mangawhai,0
174.55243510931,-36.1615676792536,Cames Rd,Shouldbe: Mangawhai,0
174.548619603129,-36.1569486349939,Ridge Way,Shouldbe: Mangawhai,0
174.593059786488,-36.1417206836401,Sandhill Hts,Shouldbe: Mangawhai,1475
174.566504857762,-36.0761324288809,Robert Hastie Dr,Shouldbe: Mangawhai,449
174.567811694296,-36.0777315009327,Robert Hastie Dr,Shouldbe: Mangawhai,308
174.571721050726,-36.08026,Robert Hastie Dr,Shouldbe: Mangawhai,0
174.56736056626,-36.0781039618562,Lakeview Lane,Shouldbe: Mangawhai,217
174.567815503295,-36.0777527301422,Lakeview Lane,Shouldbe: Mangawhai,308
174.574157429006,-36.0748871430287,Woodleigh Lane,Shouldbe: Mangawhai,95
174.552445145115,-36.165669434738,Cames Rd,Shouldbe: Mangawhai,0
174.553303394943,-36.1664407529197,Cames Rd,Shouldbe: Mangawhai,20
174.580549834587,-36.1682770767616,Cames Rd,Shouldbe: Mangawhai,203
174.5592594,-36.1713613,Cames Rd,Shouldbe: Mangawhai,107
174.558128909022,-36.171497632092,Cames Rd,Shouldbe: Mangawhai,0
174.4985309,-36.1002097,Brown Rd,Shouldbe: Mangawhai,0
174.603627424312,-36.1527280548599,Coal Hill Rd,Shouldbe: Mangawhai,0
174.604903822124,-36.1457273477867,Coal Hill Rd,Shouldbe: Mangawhai,0
174.585700377955,-36.1421051889774,Coal Hill Rd,Shouldbe: Mangawhai,1868
174.586647216016,-36.141456776104,Coal Hill Rd,Shouldbe: Mangawhai,1833
174.588533539832,-36.1404485747546,Coal Hill Rd,Shouldbe: Mangawhai,1749
174.540526268178,-36.1132809066535,Cove Rd,Shouldbe: Mangawhai,2034
174.546932428234,-36.1110210320127,Cove Rd,Shouldbe: Mangawhai,1595
174.552109933414,-36.1105826248484,Cove Rd,Shouldbe: Mangawhai,1328
174.553278833784,-36.1066591005607,Cove Rd,Shouldbe: Mangawhai,1201
174.554236578019,-36.1045940581423,Cove Rd,Shouldbe: Mangawhai,883
174.557715524076,-36.101692781094,Cove Rd,Shouldbe: Mangawhai,57
174.564090880139,-36.0932943914012,Cove Rd,Shouldbe: Mangawhai,51
174.568952452298,-36.086302709237,Cove Rd,Shouldbe: Mangawhai,0
174.565560029852,-36.1293033492542,Tara Rd,Shouldbe: Mangawhai,1951
174.56065232828,-36.1267440241744,Tara Rd,Shouldbe: Mangawhai,1662
174.554701186735,-36.122737803909,Tara Rd,Shouldbe: Mangawhai,1576
174.551852134811,-36.1212509435259,Tara Rd,Shouldbe: Mangawhai,1014
174.540943822481,-36.1142215465536,Tara Rd,Shouldbe: Mangawhai,1014
174.540425325986,-36.1132848443424,Tara Rd,Shouldbe: Mangawhai,973
174.536738946028,-36.1109100694161,Tara Rd,Shouldbe: Mangawhai,870
174.52159779467,-36.1079283825652,Tara Rd,Shouldbe: Mangawhai,899
174.51492066745,-36.1038468111685,Tara Rd,Shouldbe: Mangawhai,172
174.500160255055,-36.0991037609418,Tara Rd,Shouldbe: Mangawhai,0
174.5548649,-36.1130913,Old Waipu Rd N,Shouldbe: Mangawhai,1533
174.552944921112,-36.1113716356129,Old Waipu Rd N,Shouldbe: Mangawhai,1555
174.547295712337,-36.1656835142347,Kohanga Lane,Shouldbe: Mangawhai,49
174.586302976381,-36.1412129763815,Coal Hill Rd,Shouldbe: Mangawhai,1868
174.589874983983,-36.1405644408532,Coal Hill Rd,Shouldbe: Mangawhai,1475
174.5930257,-36.1417505,Coal Hill Rd,Shouldbe: Mangawhai,1444
174.593708814326,-36.1418514862079,Coal Hill Rd,Shouldbe: Mangawhai,602
174.572546361934,-36.0790379369402,Pipit Pl,Shouldbe: Mangawhai Heads,61
174.572577155756,-36.079042758465,Pigeonwood Pl,Shouldbe: Mangawhai Heads,70
173.52529533488,-34.9884056051818,Mill Bay Rd,Shouldbe: Mangonui,20
173.5715,-35.0003640770077,Hihi Rd,Shouldbe: Mangonui,0
173.572344086934,-35.0024900082047,Hihi Rd,Shouldbe: Mangonui,2153
173.564349863933,-35.0413015436255,Kohumaru Rd,Shouldbe: Mangonui,1430
173.558590697464,-35.0497821523986,Kohumaru Rd,Shouldbe: Mangonui,230
173.550345318867,-35.061062440211,Kohumaru Rd,Shouldbe: Mangonui,0
173.542337464679,-35.0109235086339,Backriver Rd,Shouldbe: Mangonui,423
173.5516942,-35.0668169,Kohumaru Rd,Shouldbe: Mangonui,257
173.554107815145,-35.0695103517288,Kohumaru Rd,Shouldbe: Mangonui,622
173.55472439097,-35.072758744085,Kohumaru Rd,Shouldbe: Mangonui,321
173.549759875143,-35.0850727942855,Kohumaru Rd,Shouldbe: Mangonui,0
173.554242431868,-35.0941638965753,Kohumaru Rd,Shouldbe: Mangonui,0
173.584658922923,-35.0036489229233,To Cemetery,Shouldbe: Mangonui,3761
174.279432627352,-36.0371574996124,Paparoa-Oakleigh Rd,Shouldbe: Mareretu,26
174.243114508266,-36.0423780722795,Arcadia Rd,Shouldbe: Mareretu,0
174.307675667381,-36.0397540696647,Golden Stairs Rd,Shouldbe: Mareretu,1251
174.2794696,-36.0398832,Paparoa-Oakleigh Rd,Shouldbe: Mareretu,329
174.072181067771,-35.4802,Matawaia Maromaku Rd,Shouldbe: Maromaku,1051
174.095116658996,-35.4815413716466,Matawaia Maromaku Rd,Shouldbe: Maromaku,1903
174.097387997985,-35.4720854967256,SH1,"Shouldbe: Maromaku, Waiomio",779
174.47656552188,-35.8443743388919,Marsden Bay Dr,Shouldbe: Marsden Point,53
174.4737673,-35.840183,Marsden Bay Dr,Shouldbe: Marsden Point,0
174.47815634861,-35.8468438842973,Marsden Bay Dr,Shouldbe: Marsden Point,505
174.4016368057,-35.8698605272652,SH1,Shouldbe: Mata,6457
174.4008664,-35.8692749,SH1,Shouldbe: Mata,6383
174.380941186506,-35.8561717876791,SH1,Shouldbe: Mata,4217
174.3773935,-35.8550505,SH1,Shouldbe: Mata,3897
174.353072519529,-35.8518649605881,SH1,Shouldbe: Mata,1656
174.345965467905,-35.8437873705176,SH1,Shouldbe: Mata,882
174.697222178312,-36.3266415030942,Matakana Valley Rd,Shouldbe: Matakana,752
174.708600295183,-36.3450734652175,Matakana Valley Rd,Shouldbe: Matakana,2285
174.702973947207,-36.3390644280742,Matakana Valley Rd,Shouldbe: Matakana,1731
174.697075028182,-36.3267172569283,Smith Rd,Shouldbe: Matakana,290
174.70017,-36.3335544082405,Matakana Valley Rd,Shouldbe: Matakana,1105
174.139250017872,-36.1290038999144,Oparakau Rd,Shouldbe: Matakohe,2384
174.135682107424,-36.1607494804742,Te Kowhai Rd,Shouldbe: Matakohe,2296
174.14107,-36.1237253127081,Oparakau Rd,Shouldbe: Matakohe,2221
174.1328436,-36.1145436,Oparakau Rd,Shouldbe: Matakohe,2190
174.132097534029,-36.1137682928763,Oparakau Rd,Shouldbe: Matakohe,2173
174.173303513654,-36.0932407302128,Ararua Rd,Shouldbe: Matakohe,1853
174.168613228948,-36.099116968426,Ararua Rd,Shouldbe: Matakohe,2526
174.174127805473,-36.1038153911059,Ararua Rd,Shouldbe: Matakohe,3033
174.176808599622,-36.1096405998986,Ararua Rd,Shouldbe: Matakohe,3694
174.191781644639,-36.1198717969908,Ararua Rd,Shouldbe: Matakohe,5119
174.5061235,-35.566706,Matapouri Rd,Shouldbe: Matapouri,3273
174.505476,-35.5663074,Matapouri Rd,Shouldbe: Matapouri,3298
174.517180213387,-35.5772716004055,Matapouri Rd,Shouldbe: Matapouri,2766
174.5006753,-35.5652989,Matapouri Rd,Shouldbe: Matapouri,3309
174.5025709,-35.5656168,Matapouri Rd,Shouldbe: Matapouri,3306
174.5050673,-35.5660476,Matapouri Rd,Shouldbe: Matapouri,3311
174.5037978,-35.5658081,Matapouri Rd,Shouldbe: Matapouri,3306
174.51777210588,-35.5785693521171,Matapouri Rd,Shouldbe: Matapouri,2706
174.516447388952,-35.5825255277823,Matapouri Rd,Shouldbe: Matapouri,2292
174.454779118018,-35.607785337883,Kaiatea Rd,Shouldbe: Matapouri,0
174.508722498144,-35.5680292931705,Matapouri Rd,Shouldbe: Matapouri,3218
174.520721311068,-35.5857739939276,Matapouri Rd,"Shouldbe: Matapouri, Tutukaka",2319
174.249345708641,-35.6697614653849,Waipapa Rd,Shouldbe: Matarau,0
174.216881774123,-35.6755867766928,Three Mile Bush Rd,"Shouldbe: Matarau, Ruatangata West",1056
173.611265343132,-35.5479192021603,Waoku Rd,"Shouldbe: Mataraua Forest, Waima Forest",2097
173.886200999501,-35.0604915587795,Matauri Bay Rd,Shouldbe: Matauri Bay,748
173.898360488383,-35.0590333733734,Matauri Bay Rd,Shouldbe: Matauri Bay,1862
173.979756913395,-35.5129376645256,Pipiwai Rd,Shouldbe: Matawaia,4814
173.949689599855,-35.5067698049844,Orakau Rd,Shouldbe: Matawaia,1424
174.205161556017,-35.8462311823327,Tauraroa Rd,Shouldbe: Maungakaramea,2337
174.206402884718,-35.8631808814502,Tauraroa Rd,Shouldbe: Maungakaramea,390
174.208624770582,-35.855487778812,Tauraroa Rd,Shouldbe: Maungakaramea,1555
174.233750246876,-35.8247836929355,Ormandy Rd,Shouldbe: Maungakaramea,17
174.193194403563,-35.8235806491688,Snooks Rd,Shouldbe: Maungakaramea,2004
174.196360260838,-35.8238193043637,Snooks Rd,Shouldbe: Maungakaramea,1927
174.2041894,-35.8439719,Tauraroa Rd,Shouldbe: Maungakaramea,3242
174.249802266552,-35.8590818048362,Hayward Rd,"Shouldbe: Mangapai, Maungakaramea",1628
174.218258046989,-35.8723672099847,Tauraroa Rd,"Shouldbe: Mangapai, Maungakaramea",0
174.213395928058,-35.7304240719419,Tui Bush Lane,Shouldbe: Maungatapere,1020
174.198085013958,-35.7057351319584,Kara Rd,Shouldbe: Maungatapere,272
174.2006344,-35.7070172,Kara Rd,Shouldbe: Maungatapere,135
174.211282005633,-35.7284101553746,Waterfall Way,Shouldbe: Maungatapere,829
174.209287819652,-35.7116479946096,Kara Rd,Shouldbe: Maungatapere,0
174.20847459632,-35.7167759932457,Kara Rd,Shouldbe: Maungatapere,0
174.21125426093,-35.7282914448331,Kara Rd,Shouldbe: Maungatapere,0
174.213358602168,-35.7304199976789,Kara Rd,Shouldbe: Maungatapere,891
174.215379633134,-35.7310147898716,Kara Rd,Shouldbe: Maungatapere,1183
174.2173701,-35.7318219,Kara Rd,Shouldbe: Maungatapere,1341
174.223299778392,-35.7420928808996,Kara Rd,Shouldbe: Maungatapere,1525
174.208177438378,-35.7551958127925,SH15,Shouldbe: Maungatapere,0
174.207245503581,-35.756450128335,SH14,Shouldbe: Maungatapere,1606
174.2075868,-35.7553205,SH14,Shouldbe: Maungatapere,1576
174.2077385,-35.7550526,SH14,Shouldbe: Maungatapere,1563
174.212371813986,-35.7481685942086,SH14,Shouldbe: Maungatapere,1242
174.2129645,-35.7476248,SH14,Shouldbe: Maungatapere,1219
174.223171689413,-35.74222,SH14,Shouldbe: Maungatapere,831
174.228030576407,-35.7443417660532,SH14,Shouldbe: Maungatapere,553
174.215420018385,-35.7309805116785,Kaitara Lane,Shouldbe: Maungatapere,1076
174.3667446,-36.10453,SH12,Shouldbe: Maungaturoto,3582
174.363644039455,-36.1045669359637,SH12,Shouldbe: Maungaturoto,3856
174.33294825662,-36.1214754844155,SH12,Shouldbe: Maungaturoto,3340
174.383437486313,-36.1202334928828,Mountain Rd,Shouldbe: Maungaturoto,3009
174.403558908381,-36.1376793694175,Mountain Rd,Shouldbe: Maungaturoto,1069
174.367967981071,-36.1047368074721,SH12,Shouldbe: Maungaturoto,3478
174.369019222717,-36.1049395601109,SH12,Shouldbe: Maungaturoto,3388
174.373029669285,-36.1040196705801,SH12,Shouldbe: Maungaturoto,3012
174.360275286497,-36.1065049615816,SH12,Shouldbe: Maungaturoto,4193
174.359956855338,-36.1070750086154,SH12,Shouldbe: Maungaturoto,4232
174.359482700581,-36.1085487175041,SH12,Shouldbe: Maungaturoto,4296
174.29853745275,-36.1105588930719,SH12,Shouldbe: Maungaturoto,196
174.31982566313,-36.12,SH12,Shouldbe: Maungaturoto,2167
174.331988679134,-36.1223131480523,SH12,Shouldbe: Maungaturoto,3294
174.365204691756,-36.10453,SH12,Shouldbe: Maungaturoto,3719
174.2818033,-35.7400364,SH14,Shouldbe: Maunu,528
174.2790751,-35.7423428,SH14,Shouldbe: Maunu,877
174.282944784065,-35.7388961642865,SH14,Shouldbe: Maunu,377
174.2823842,-35.7394756,SH14,Shouldbe: Maunu,451
174.2811342,-35.7406756,SH14,Shouldbe: Maunu,617
174.283543307506,-35.7381666924944,SH14,Shouldbe: Maunu,294
174.285102339716,-35.7368691507095,SH14,Shouldbe: Maunu,98
174.285513990747,-35.7359580123368,SH14,Shouldbe: Maunu,32
174.280545909566,-35.7412420409165,SH14,Shouldbe: Maunu,696
173.287943511131,-35.43862894179,West Coast Rd,Shouldbe: Mitimiti,2727
173.321648463873,-35.4410312105789,West Coast Rd,Shouldbe: Mitimiti,1250
173.270503678612,-35.4283869953775,West Coast Rd,Shouldbe: Mitimiti,4604
173.277414052812,-35.430994661308,West Coast Rd,Shouldbe: Mitimiti,3986
174.007153947279,-35.3894508911993,SH1,Shouldbe: Moerewa,1402
173.989555980314,-35.4011269612557,Pokapu Rd,Shouldbe: Moerewa,2907
174.317397122431,-35.7301248084014,Porowini Ave,Shouldbe: Morningside,125
174.3159168,-35.7290051,Porowini Ave,Shouldbe: Morningside,0
174.3165977,-35.729516,Porowini Ave,Shouldbe: Morningside,76
174.283174069036,-35.67556973507,Pipiwai Rd,Shouldbe: Ngararatunua,0
174.285444061323,-35.674472447045,Pipiwai Rd,Shouldbe: Ngararatunua,145
174.287242167059,-35.6747267458136,Pipiwai Rd,Shouldbe: Ngararatunua,122
173.046459583389,-34.7411656425549,SH1,Shouldbe: Ngataki,1467
173.042323756887,-34.7236827347329,SH1,Shouldbe: Ngataki,2650
173.063001371388,-34.7543880846315,SH1,Shouldbe: Ngataki,0
173.050501338829,-34.7470904597288,SH1,Shouldbe: Ngataki,1041
173.860501366718,-35.6442561299079,SH15,Shouldbe: Nukutawhiti,6879
173.846693308268,-35.6237683308268,Road,Shouldbe: Nukutawhiti,2721
173.8468189,-35.6242155,SH15,Shouldbe: Nukutawhiti,2676
174.336342289287,-35.4005779157099,Russell Rd,Shouldbe: Oakura,2704
174.345328761039,-35.4079685844157,Russell Rd,Shouldbe: Oakura,3562
174.334296689417,-35.4133097879966,Russell Rd,Shouldbe: Oakura,15
173.878180686771,-35.3535659115657,Remuera Settlement Rd,Shouldbe: Ohaeawai,285
173.905506970629,-35.3429868095699,Old Bay Rd,"Shouldbe: Ohaeawai, Oromahoe, Pakaraka",0
173.801407855607,-35.2083821443926,Waiare Rd,Shouldbe: Okaihau,2079
173.800416282554,-35.1984618451261,Waiare Rd,Shouldbe: Okaihau,803
173.821532696573,-35.2472339356634,Puketotara Rd,Shouldbe: Okaihau,4207
173.795338495022,-35.2439629972873,Waiare Rd,Shouldbe: Okaihau,2684
173.8011719,-35.208628,Waiare Rd,Shouldbe: Okaihau,2668
173.802062195231,-35.2024860815696,Waiare Rd,Shouldbe: Okaihau,1615
174.121559614862,-35.3043119111067,Aucks Rd,Shouldbe: Okiato,1227
174.120119026625,-35.3052857794711,Aucks Rd,Shouldbe: Okiato,1378
174.122133163793,-35.3039018229885,Aucks Rd,Shouldbe: Okiato,1160
174.126445182393,-35.3036498188496,Aucks Rd,Shouldbe: Okiato,937
174.1239715,-35.3036624,Aucks Rd,Shouldbe: Okiato,1044
174.133852845411,-35.3014514637671,Aucks Rd,Shouldbe: Okiato,394
174.769787615426,-36.3404687154193,Omaha Flats Rd,Shouldbe: Omaha,815
174.774561301831,-36.340094321699,Omaha Flats Rd,Shouldbe: Omaha,815
173.661110352228,-35.8347143797501,Omamari Rd,Shouldbe: Omamari,3797
173.687051873918,-35.8218171064414,Omamari Rd,Shouldbe: Omamari,1115
173.747649160446,-35.9123751297971,Babylon Coast Rd,"Shouldbe: Mamaranui, Omamari",0
174.131238329279,-35.9069033016573,Omana Rd,Shouldbe: Omana,3783
174.137000138249,-35.9056364945823,Omana Rd,"Shouldbe: Omana, Waiotira",2977
173.512221119111,-35.4685061870776,Jamieson Rd,Shouldbe: Omanaia,508
173.388633345446,-35.5217747103201,SH12,Shouldbe: Omapere,410
173.3897997,-35.527398,SH12,Shouldbe: Omapere,989
173.38977,-35.5301736313001,SH12,Shouldbe: Omapere,1292
173.389897032996,-35.5305610989893,SH12,Shouldbe: Omapere,1327
173.387581102159,-35.5350883467613,SH12,Shouldbe: Omapere,1865
173.388348747355,-35.5174775158721,SH12,Shouldbe: Omapere,43
173.388006372913,-35.5181617488983,SH12,Shouldbe: Omapere,110
173.444475630523,-35.4848803729241,Mountain Rd,"Shouldbe: Opononi, Whirinaki",2529
174.338979645203,-35.5199465129635,Whananaki North Rd,Shouldbe: Opuawhanga,1615
174.30879990454,-35.5419629935142,Whananaki North Rd,Shouldbe: Opuawhanga,300
174.305008351161,-35.5455233792885,Whananaki North Rd,Shouldbe: Opuawhanga,0
174.3412144284,-35.5151524417457,Whananaki North Rd,Shouldbe: Opuawhanga,1817
174.34546368319,-35.5131036540311,Whananaki North Rd,Shouldbe: Opuawhanga,2215
174.352950939056,-35.5080275566891,Whananaki North Rd,Shouldbe: Opuawhanga,2968
174.365549400143,-35.5055028653433,Whananaki North Rd,Shouldbe: Opuawhanga,4151
174.337361953949,-35.533334540295,Whananaki North Rd,Shouldbe: Opuawhanga,1567
174.371685495102,-35.5030869514549,Whananaki North Rd,"Shouldbe: Opuawhanga, Whananaki",4717
173.962175247807,-35.3033217703443,SH10,Shouldbe: Oromahoe,3369
173.959575370095,-35.3013821106047,SH10,"Shouldbe: Kerikeri, Oromahoe",3412
174.307313115542,-35.7812057161301,SH1,Shouldbe: Otaika,1578
174.307741346683,-35.7804057688778,SH1,Shouldbe: Otaika,1432
174.309407752991,-35.778540994873,SH1,Shouldbe: Otaika,1432
174.310619845467,-35.7620445307841,SH1,Shouldbe: Otaika,0
174.307874399328,-35.7809032831525,SH1,Shouldbe: Otaika,1603
174.3159168,-35.6912539,Te Hononga St,Shouldbe: Otangarei,199
174.322179,-35.6991679,Cairnfield Rd,Shouldbe: Otangarei,0
174.3221649,-35.6991653,Cairnfield Rd,Shouldbe: Otangarei,0
173.501681826808,-35.4628016570874,Omanaia Rd,Shouldbe: Oue,324
173.549394428574,-35.0111778351689,Kohumaru Rd,Shouldbe: Paewhenua Island,0
174.082322471827,-35.2781498743766,SH11,Shouldbe: Paihia,1423
174.0812965,-35.2799744,SH11,Shouldbe: Paihia,1384
174.080299117502,-35.2812229119143,SH11,Shouldbe: Paihia,733
174.072956686679,-35.2855311044405,SH11,Shouldbe: Paihia,156
174.101407452561,-35.3073494021322,SH11,Shouldbe: Paihia,24
174.0808352,-35.2805363,SH11,Shouldbe: Paihia,1322
174.0809489,-35.2804112,SH11,Shouldbe: Paihia,1372
174.769734350893,-36.282621591409,Rodney Rd,"Shouldbe: Pakiri, Whangateau",12
173.892764,-35.6817453,SH15,Shouldbe: Pakotai,1971
173.899650714649,-35.688446180393,SH15,Shouldbe: Pakotai,1243
173.893919917567,-35.6843976547575,SH15,Shouldbe: Pakotai,1665
173.891966502805,-35.6798051239677,SH15,"Shouldbe: Nukutawhiti, Pakotai",2141
173.403997411958,-35.3310880111079,Humphreys Rd,Shouldbe: Panguru,1035
174.2129152,-36.1126665,SH12,Shouldbe: Paparoa,674
174.2284795,-36.107288,Pahi Rd,Shouldbe: Paparoa,438
174.241518406838,-36.0785765954067,Porter Rd,Shouldbe: Paparoa,4344
174.226310381999,-36.1073595798006,SH12,Shouldbe: Paparoa,795
174.27939930199,-36.0403852466129,Paparoa-Oakleigh Rd,"Shouldbe: Mareretu, Paparoa",364
174.341052830478,-35.7244554432555,Memorial Dr,Shouldbe: Parahaki,394
174.340171214573,-35.7280178542698,Memorial Dr,Shouldbe: Parahaki,290
174.339530965506,-35.7271471034809,Memorial Dr,Shouldbe: Parahaki,290
174.353318632293,-35.73036991045,Waioneone Rd,Shouldbe: Parahaki,0
174.355097234851,-35.7298770896388,Konini St,Shouldbe: Parahaki,210
174.342955872799,-35.7329522773123,Dave Culham Dr,Shouldbe: Parahaki,753
174.351497721327,-35.7357510235029,Riverside Dr,Shouldbe: Parahaki,922
174.342886784302,-35.7310820736128,Riverside Dr,Shouldbe: Parahaki,1113
174.3421325,-35.72389,Memorial Dr,Shouldbe: Parahaki,504
174.344042044314,-35.7193577341169,Memorial Dr,Shouldbe: Parahaki,400
174.342681104119,-35.7237833378688,Memorial Dr,Shouldbe: Parahaki,551
174.3423826,-35.7238892,Memorial Dr,Shouldbe: Parahaki,526
174.3399621,-35.7284557,Memorial Dr,Shouldbe: Parahaki,341
174.341341073006,-35.7305940119588,Riverside Dr,Shouldbe: Parahaki,2072
174.340142,-35.7300554,Riverside Dr,Shouldbe: Parahaki,2167
174.33716,-35.728664,Riverside Dr,Shouldbe: Parahaki,2277
174.3357935,-35.7280362,Riverside Dr,Shouldbe: Parahaki,2561
174.335797404252,-35.7280056340474,Memorial Dr,Shouldbe: Parahaki,0
174.338573921906,-35.7282331436562,Memorial Dr,Shouldbe: Parahaki,211
174.339971037801,-35.7284563207329,Memorial Dr,Shouldbe: Parahaki,341
174.340456253391,-35.7275056172001,Memorial Dr,Shouldbe: Parahaki,373
174.340748068653,-35.7260164591977,Memorial Dr,Shouldbe: Parahaki,342
174.340457260309,-35.7257289589347,Memorial Dr,Shouldbe: Parahaki,318
174.354417830783,-35.730317389739,Konini St,Shouldbe: Parahaki,287
174.356191642228,-35.7279661216994,Konini St,Shouldbe: Parahaki,0
174.354642507299,-35.7281496998714,Summerfield Way,Shouldbe: Parahaki,98
174.33971025447,-35.7268908393403,Memorial Dr,Shouldbe: Parahaki,306
174.353439894223,-35.73041,Konini St,Shouldbe: Parahaki,315
174.330411191817,-35.7247910346871,Riverside Dr,"Shouldbe: Parahaki, Riverside",2689
173.782948960965,-35.9453391613911,Baylys Coast Rd,Shouldbe: Parore,0
173.842122671098,-35.9452631953628,Baylys Coast Rd,"Shouldbe: Dargaville, Parore",564
174.448150147018,-35.7769904066245,Whangarei Heads Rd,Shouldbe: Parua Bay,1369
174.4272834474,-35.7786384125085,Whangarei Heads Rd,Shouldbe: Parua Bay,0
174.437225260195,-35.7776077637134,Whangarei Heads Rd,Shouldbe: Parua Bay,404
174.443481341573,-35.7790306961611,Whangarei Heads Rd,Shouldbe: Parua Bay,921
174.451693,-35.7725966,Whangarei Heads Rd,Shouldbe: Parua Bay,1829
174.452027110682,-35.7722127220079,Whangarei Heads Rd,Shouldbe: Parua Bay,1870
174.457211167723,-35.7694986649272,Whangarei Heads Rd,Shouldbe: Parua Bay,2423
174.460997574078,-35.7654044851844,Whangarei Heads Rd,Shouldbe: Parua Bay,2938
174.418588495119,-35.7265136243608,Mt Tiger Rd,Shouldbe: Parua Bay,231
174.518713883992,-35.7151363109053,Pataua Footbridge,Shouldbe: Pataua North,0
174.511008860191,-35.7516525467542,Pataua South Rd,Shouldbe: Pataua South,875
174.522083986521,-35.7448891314932,Beasley Rd,Shouldbe: Pataua South,2818
174.522722224268,-35.728665636304,Arahiwi Rise,Shouldbe: Pataua South,1329
174.505797641157,-35.7574646644892,Pataua South Rd,Shouldbe: Pataua South,82
174.527920093048,-35.7284421045473,Pataua South Rd,Shouldbe: Pataua South,1776
174.522009463525,-35.7447011481644,Pataua South Rd,Shouldbe: Pataua South,2059
174.510892267209,-35.7516064825172,Addison Rd,Shouldbe: Pataua South,2913
173.471978335363,-35.1125583475441,Peria Valley Rd,Shouldbe: Peria,2911
173.438473153658,-35.1319002795772,Peria Valley Rd,Shouldbe: Peria,480
173.431818770471,-35.1375428073822,Peria Valley Rd,Shouldbe: Peria,0
173.448189471886,-35.123447472667,Peria Valley Rd,Shouldbe: Peria,713
173.44567121246,-35.1279205450479,Peria Valley Rd,Shouldbe: Peria,711
173.448832427833,-35.1219439739068,Peria Valley Rd,Shouldbe: Peria,744
173.458382062756,-35.1193922827259,Peria Valley Rd,Shouldbe: Peria,1619
173.545689946377,-35.1192775427789,Fern Flat Rd,Shouldbe: Peria,2250
173.467534668331,-35.1162623631824,Peria Valley Rd,Shouldbe: Peria,2475
173.569436368109,-35.1191970204505,Fern Flat Rd,Shouldbe: Peria,0
173.497710938007,-35.0474000623176,Garton Rd,Shouldbe: Peria,77
173.56752481195,-35.1198371370827,Fern Flat Rd,Shouldbe: Peria,1644
173.556800172553,-35.1198309318332,Fern Flat Rd,Shouldbe: Peria,1497
173.552624348216,-35.118470870947,Fern Flat Rd,Shouldbe: Peria,1997
174.041393398951,-35.6469223886656,Pipiwai Rd,Shouldbe: Pipiwai,2097
174.050196724344,-35.6400211292976,Pipiwai Rd,Shouldbe: Pipiwai,1211
174.030398380706,-35.634248245868,Pipiwai Rd,Shouldbe: Pipiwai,3090
174.060132426145,-35.6380815145261,Pipiwai Rd,Shouldbe: Pipiwai,466
174.017830668373,-35.6196614731805,Pipiwai Rd,Shouldbe: Pipiwai,4372
174.038605398109,-35.647050093045,Pipiwai Rd,Shouldbe: Pipiwai,2335
174.000692941473,-35.6021582305028,Pipiwai Rd,Shouldbe: Pipiwai,4820
174.7534887,-36.3325213,Point Wells Rd,Shouldbe: Point Wells,1063
174.753477459494,-36.3408078052307,Omaha Flats Rd,Shouldbe: Point Wells,0
174.755223,-36.3287362,Point Wells Rd,Shouldbe: Point Wells,1265
174.7545196,-36.3303618,Point Wells Rd,Shouldbe: Point Wells,1079
174.7533195,-36.3326712,Point Wells Rd,Shouldbe: Point Wells,650
174.760265819507,-36.3414118921956,Omaha Flats Rd,"Shouldbe: Omaha, Point Wells",0
174.128856743739,-35.7683372485788,Whatitiri Rd,Shouldbe: Poroti,1246
174.126322533982,-35.7652203580506,Whatitiri Rd,Shouldbe: Poroti,1638
174.120625617977,-35.7633054537597,Whatitiri Rd,Shouldbe: Poroti,2037
174.140391376946,-35.7385966425747,SH15,Shouldbe: Poroti,927
174.1425683,-35.7396099,SH15,Shouldbe: Poroti,719
174.100701189591,-35.7529549983108,Whatitiri Rd,Shouldbe: Poroti,4027
174.1429365,-35.7397685,SH15,Shouldbe: Poroti,686
174.1501361,-35.743035,SH15,Shouldbe: Poroti,0
174.124933867327,-35.7346256832123,SH15,Shouldbe: Poroti,2345
174.120398174461,-35.7157113583164,Kokopu Rd,Shouldbe: Poroti,1195
174.1467416,-35.7415322,SH15,Shouldbe: Poroti,317
174.128094949441,-35.7070426769558,Kokopu Rd,Shouldbe: Poroti,400
174.128624327748,-35.7382306771241,SH15,Shouldbe: Poroti,1987
174.1374409,-35.7376893,SH15,Shouldbe: Poroti,1205
174.13548015305,-35.7376196788646,SH15,Shouldbe: Poroti,1378
174.144905120318,-35.7066651109287,Kokopu Rd,"Shouldbe: Kokopu, Poroti",174
174.3348886,-35.7388213,Kioreroa Rd,Shouldbe: Port Whangarei,1414
174.3163835,-35.7440281,Axis Pl,Shouldbe: Port Whangarei,115
174.3161202,-35.7441712,Evergreen Pl,Shouldbe: Port Whangarei,99
174.3183727,-35.7454349,Kotata Rise,Shouldbe: Port Whangarei,173
174.315789126737,-35.7437756762085,Evergreen Pl,Shouldbe: Port Whangarei,54
174.316591206989,-35.7431355801799,Evergreen Pl,Shouldbe: Port Whangarei,54
174.317584092398,-35.7445215951289,Kotata Rise,Shouldbe: Port Whangarei,190
174.326509099093,-35.7442341724067,Kioreroa Rd,Shouldbe: Port Whangarei,0
174.3273822,-35.74425,Kioreroa Rd,Shouldbe: Port Whangarei,610
174.33370610394,-35.7399974200337,Kioreroa Rd,Shouldbe: Port Whangarei,670
174.316611681771,-35.743143083583,Kotata Rise,Shouldbe: Port Whangarei,113
174.317649329297,-35.7446727697949,Greenlea Tce,Shouldbe: Port Whangarei,217
174.320092683336,-35.7415413153754,"",Shouldbe: Port Whangarei,113
174.315968248459,-35.7423369610939,Millview Pl,Shouldbe: Port Whangarei,0
174.3152174,-35.7420808,Titiro St,Shouldbe: Port Whangarei,25
174.3149595,-35.7421602,Titiro St,Shouldbe: Port Whangarei,50
174.315312381758,-35.7420555574351,Topfield Pl,Shouldbe: Port Whangarei,17
174.315217322383,-35.7420729234409,Limerock Lane,Shouldbe: Port Whangarei,4
174.316354713044,-35.7458372976166,Mystic Cl,Shouldbe: Port Whangarei,0
174.318361434386,-35.7454357104097,Arrondi Tce,Shouldbe: Port Whangarei,109
174.314957209959,-35.7421526444362,Suncrest Lane,Shouldbe: Port Whangarei,12
174.3157715,-35.7427833,Pukepuke Pl,Shouldbe: Port Whangarei,54
174.3157026,-35.7419242,Kotata Rise,Shouldbe: Port Whangarei,0
174.3159619,-35.7423426,Kotata Rise,Shouldbe: Port Whangarei,31
174.3161545,-35.7426053,Kotata Rise,Shouldbe: Port Whangarei,61
174.31756725542,-35.7445112433737,Leeward Tce,Shouldbe: Port Whangarei,159
174.316191378231,-35.7446321284351,Overland Way,Shouldbe: Port Whangarei,68
174.33232573077,-35.8040399871786,Walkway,Shouldbe: Portland,4268
174.314480684872,-35.7936486722684,Portland Rd,Shouldbe: Portland,601
174.037982588812,-36.2196083060178,Pouto Rd,Shouldbe: Pouto,553
174.034433014713,-35.8732987755947,Pukehuia Rd,Shouldbe: Pukehuia,0
173.106857025439,-34.8190335460064,Korakanui A Rua Rd,Shouldbe: Pukenui,0
173.107980257967,-34.7972900808388,SH1,Shouldbe: Pukenui,0
173.144368596254,-34.8550423015357,Motutangi Rd,Shouldbe: Pukenui,1251
173.117829060529,-34.8140174737166,SH1,Shouldbe: Pukenui,896
173.117251570129,-34.8129752561029,SH1,Shouldbe: Pukenui,799
173.116240879127,-34.8109436508116,SH1,Shouldbe: Pukenui,726
173.115418947673,-34.8081638055814,SH1,Shouldbe: Pukenui,115
173.793348288063,-35.2114430132633,Puketi Recreation Area Access Rd,Shouldbe: Puketi Forest,2841
173.801169471592,-35.2086284147768,Puketi Recreation Area Access Rd,"Shouldbe: Okaihau, Puketi Forest",2669
173.801274043314,-35.2084537121892,Puketi Recreation Area Access Rd,"Shouldbe: Okaihau, Puketi Forest",2636
174.11576461012,-35.6047443564621,Riponui Rd,Shouldbe: Purua,1025
174.116940676675,-35.5942803068924,Riponui Rd,Shouldbe: Purua,547
173.435533627906,-35.1685640063423,SH1,Shouldbe: Raetea Forest,0
174.310024664625,-35.7387395093889,SH1,Shouldbe: Raumanga,40
174.31082290924,-35.7609073295687,Otaika Reserve Access Rd,Shouldbe: Raumanga,0
174.309682650783,-35.7392249394137,SH1,Shouldbe: Raumanga,192
174.309342728914,-35.7401900474894,SH1,Shouldbe: Raumanga,220
174.308894467975,-35.7410513831911,SH1,Shouldbe: Raumanga,305
174.3086128,-35.7414362,SH1,Shouldbe: Raumanga,375
174.3081051,-35.742232,SH1,Shouldbe: Raumanga,404
173.560615858621,-35.4490756108329,Duddy Rd,Shouldbe: Rawene,1812
173.544547234425,-35.4596185196729,Duddy Rd,Shouldbe: Rawene,23
173.563218573774,-35.449611426226,Duddy Rd,Shouldbe: Rawene,1843
173.56656,-35.4283494174919,Duddy Rd,Shouldbe: Rawene,3712
174.3209919,-35.71518,Manse St,Shouldbe: Regent,275
174.3225073,-35.7132548,Kamo Rd,Shouldbe: Regent,956
174.3222372,-35.7117377,Kamo Rd,Shouldbe: Regent,824
174.327416950583,-35.7093949404032,Hatea Dr,Shouldbe: Regent,26
174.327212,-35.709509,Hatea Dr,Shouldbe: Regent,15
174.321197,-35.7151815,Manse St,Shouldbe: Regent,290
174.3202673,-35.7151404,Manse St,Shouldbe: Regent,214
174.318901760194,-35.715017350121,Manse St,Shouldbe: Regent,111
174.3182069,-35.7140794,Manse St,Shouldbe: Regent,0
174.3226622,-35.7159834,Bank St,Shouldbe: Regent,520
174.322363,-35.716782,Bank St,Shouldbe: Regent,427
174.3221521,-35.7173444,Bank St,Shouldbe: Regent,362
174.3213679,-35.7192112,Bank St,Shouldbe: Regent,142
174.3209145,-35.7205566,Bank St,Shouldbe: Regent,0
174.3208803,-35.7206096,Bank St,Shouldbe: Regent,0
174.326898547605,-35.7108975671194,Hatea Dr,Shouldbe: Regent,15
174.3267811,-35.7110387,Hatea Dr,Shouldbe: Regent,89
174.3262553,-35.711931,Hatea Dr,Shouldbe: Regent,93
174.3260124,-35.7123261,Hatea Dr,Shouldbe: Regent,156
174.3256932,-35.7131517,Hatea Dr,Shouldbe: Regent,184
174.322878393607,-35.7153091168914,Kamo Rd,Shouldbe: Regent,1119
174.326026492692,-35.7141599355509,Hatea Dr,Shouldbe: Regent,246
174.3263765,-35.7147046,Hatea Dr,Shouldbe: Regent,360
174.326684991493,-35.7169369623413,Hatea Dr,Shouldbe: Regent,428
174.3261256,-35.7181282,Hatea Dr,Shouldbe: Regent,670
174.326907762916,-35.7109160555397,Mair St,Shouldbe: Regent,89
174.327414323038,-35.7094193665822,Banff St,Shouldbe: Regent,29
174.326434886123,-35.7229576245996,Riverside Dr,Shouldbe: Riverside,3487
174.3291723,-35.7222634,Basin Lane,Shouldbe: Riverside,231
174.327541298635,-35.724151298635,Riverside Dr,Shouldbe: Riverside,3356
174.327553062205,-35.7241293559053,Dundas Rd,Shouldbe: Riverside,231
174.328964019466,-35.72473,Riverside Dr,Shouldbe: Riverside,3273
174.436122266435,-35.8817222500199,SH15,Shouldbe: Ruakaka,4040
174.460825238139,-35.8383291157464,Hauhou Lane,Shouldbe: Ruakaka,19
174.433003298333,-35.891026939231,SH15,Shouldbe: Ruakaka,4962
174.460932102633,-35.8387413162278,Matariki Dr,Shouldbe: Ruakaka,57
174.460146339262,-35.8388065545991,Matariki Dr,Shouldbe: Ruakaka,96
174.4599094,-35.8383876,Matariki Dr,Shouldbe: Ruakaka,81
174.459847423505,-35.83813776165,Matariki Dr,Shouldbe: Ruakaka,60
174.458973185021,-35.8373547408547,Stace Hopper Dr,Shouldbe: Ruakaka,74
174.454794792073,-35.8328518802474,Pyle Rd E,Shouldbe: Ruakaka,0
174.4401228,-35.8695876,SH15,Shouldbe: Ruakaka,4008
174.440698326297,-35.869219482245,SH15,Shouldbe: Ruakaka,1208
174.439056055867,-35.8663005090077,Thomas Henry Rise,Shouldbe: Ruakaka,3636
174.451515284018,-35.9146272540858,Doctors Hill Rd,Shouldbe: Ruakaka,1418
174.460139432879,-35.838838178988,Kentia Crt,Shouldbe: Ruakaka,96
174.200864960606,-35.6331027783884,Matarau Rd,Shouldbe: Ruatangata West,1507
174.1500163,-35.6752664,Buchanan Rd,Shouldbe: Ruatangata West,82
174.15926889465,-35.6558530093841,Pipiwai Rd,Shouldbe: Ruatangata West,719
174.2104251,-35.6703749,Thorburn Rd,Shouldbe: Ruatangata West,0
174.20769556171,-35.6389302365095,Matarau Rd,Shouldbe: Ruatangata West,647
174.216785176459,-35.6384773568612,Matarau Rd,Shouldbe: Ruatangata West,9
174.222716092352,-35.680801797734,Three Mile Bush Rd,Shouldbe: Ruatangata West,526
174.169708182974,-35.6118947864533,Otakairangi Rd,Shouldbe: Ruatangata West,1199
174.197334897132,-35.6164343066269,Otakairangi Rd,Shouldbe: Ruatangata West,3210
174.05032571133,-36.1233335305832,SH12,Shouldbe: Ruawai,4565
173.999490748314,-36.0427634148603,Inch Rd,Shouldbe: Ruawai,0
174.099929469065,-36.1196352654675,SH12,Shouldbe: Ruawai,505
174.095107694176,-36.1229575541448,SH12,Shouldbe: Ruawai,815
174.061663401184,-36.1191900330283,SH12,Shouldbe: Ruawai,3493
174.0360389,-36.1286304,SH12,Shouldbe: Ruawai,5956
174.729033819975,-36.3899912989457,Sandspit Rd,Shouldbe: Sandspit,1239
174.344249005022,-35.8792643106202,Springfield Rd,Shouldbe: Springfield,3171
174.3279027763,-35.8517107190627,Springfield Rd,Shouldbe: Springfield,0
174.348843425224,-35.9099589501492,Ormiston Rd,Shouldbe: Springfield,499
174.329518843412,-35.8551103460066,Springfield Rd,Shouldbe: Springfield,348
174.332686059727,-35.855805271093,Springfield Rd,Shouldbe: Springfield,400
174.343848686445,-35.86613751241,Springfield Rd,Shouldbe: Springfield,1877
174.343105572872,-35.8728904593856,Springfield Rd,Shouldbe: Springfield,2502
173.680862543563,-35.4694893029896,Otaua Rd,Shouldbe: Taheke,966
173.619544497978,-35.4246310719452,Horeke Rd,Shouldbe: Taheke,1049
173.634077683352,-35.4390593366823,Horeke Rd,Shouldbe: Taheke,3100
173.4645166,-34.9953041,SH10,Shouldbe: Taipa,608
173.470200592843,-34.99772,SH10,Shouldbe: Taipa,44
173.4666242,-34.9962366,SH10,Shouldbe: Taipa,397
173.466035984181,-34.9958922912994,SH10,Shouldbe: Taipa,459
174.263689670444,-36.0051324677115,Central Rd,Shouldbe: Taipuha,2120
174.304088357419,-36.0283171300643,Golden Stairs Rd,Shouldbe: Taipuha,2365
174.301936917142,-36.0224284148075,Golden Stairs Rd,Shouldbe: Taipuha,2992
174.273632502654,-35.9585796836517,Harrison Rd,Shouldbe: Taipuha,490
174.270817791414,-35.9670973587859,Harrison Rd,Shouldbe: Taipuha,710
174.261172175296,-35.9808890400246,Harrison Rd,Shouldbe: Taipuha,565
174.256129982824,-36.0239371727915,Central Rd,Shouldbe: Taipuha,627
174.304693294703,-36.0374882367572,Golden Stairs Rd,"Shouldbe: Mareretu, Taipuha",1613
174.417992895371,-35.8348851581485,Takahiwai Rd,Shouldbe: Takahiwai,552
173.346607933454,-35.184680569267,Takahue Rd,Shouldbe: Takahue,0
173.3509172,-35.1830579,Takahue Rd,Shouldbe: Takahue,0
174.4016056,-35.7724732,Whangarei Heads Rd,Shouldbe: Tamaterau,2358
174.37974934668,-35.756755592372,Whangarei Heads Rd,Shouldbe: Tamaterau,27
174.398632580976,-35.7690307836934,Whangarei Heads Rd,Shouldbe: Tamaterau,1913
174.399792887693,-35.7702135938683,Whangarei Heads Rd,Shouldbe: Tamaterau,2075
174.40101590048,-35.7716183300898,Whangarei Heads Rd,Shouldbe: Tamaterau,2258
174.385195174175,-35.7597658708766,Whangarei Heads Rd,Shouldbe: Tamaterau,349
174.3953037,-35.7665748,Whangarei Heads Rd,Shouldbe: Tamaterau,1512
174.395683653028,-35.7670678789658,Whangarei Heads Rd,Shouldbe: Tamaterau,1570
174.397373048267,-35.7684845979609,Whangarei Heads Rd,Shouldbe: Tamaterau,1786
173.901054914767,-35.8041476262528,Avoca North Rd,Shouldbe: Tangowahine,2002
173.813094702775,-35.7358307397633,Tangowahine Valley Rd,Shouldbe: Tangowahine,71
173.9329078,-35.8682798,SH14,Shouldbe: Tangowahine,6630
173.903097513728,-35.8079881505491,Avoca North Rd,Shouldbe: Tangowahine,2284
173.908431928714,-35.7351272851072,Karaka Rd,Shouldbe: Tangowahine,0
173.904542387734,-35.8161971781328,Avoca North Rd,Shouldbe: Tangowahine,2007
173.890278830769,-35.8765886923048,SH14,"Shouldbe: Awakino Point, Tangowahine",2012
173.932244463337,-35.8682878460414,SH14,"Shouldbe: Awakino Point, Tangowahine",3943
173.976889213855,-35.862392904278,SH14,"Shouldbe: Tangiteroria, Tangowahine",6642
174.434259936288,-36.3531835536678,Corlett Rd,Shouldbe: Tauhoa,767
173.703074767195,-34.9869402793656,Bowden Rd,Shouldbe: Taupo Bay,4562
173.703208803237,-34.9869168002023,Taupo Bay Rd,Shouldbe: Taupo Bay,4566
174.739691610668,-36.3541326092933,Takatu Rd,Shouldbe: Tawharanui Peninsula,585
174.743846416823,-36.3559781481104,Takatu Rd,Shouldbe: Tawharanui Peninsula,913
174.755535,-36.3483457,Jones Rd,Shouldbe: Tawharanui Peninsula,769
174.766552562372,-36.3683600801309,Takatu Rd,Shouldbe: Tawharanui Peninsula,3067
174.735436778208,-36.34385277545,Omaha Flats Rd,"Shouldbe: Point Wells, Tawharanui Peninsula",0
174.660946833649,-36.1893140075763,Te Ara O Kiri Patuparaoa Anake,Shouldbe: Te Arai,859
174.646474054137,-36.1900133229623,Te Ara O Te Urunga,Shouldbe: Te Arai,859
174.585964458202,-36.2171454458202,School Rd,Shouldbe: Te Arai,2648
174.58135797224,-36.1980477179383,Mangawhai Rd,Shouldbe: Te Arai,2123
174.606743205905,-36.2132345246803,School Rd,Shouldbe: Te Arai,1361
174.606353926,-36.2187456031785,School Rd,Shouldbe: Te Arai,885
174.646842259461,-36.16977,Te Ara O Kiri Patuparaoa Anake,Shouldbe: Te Arai,3325
174.662225491985,-36.1910938339261,Te Ara Whenua Miharo Kotiti,Shouldbe: Te Arai,636
174.581235595163,-36.2021589688062,Mangawhai Rd,Shouldbe: Te Arai,2538
174.651799972179,-36.1762254140783,Te Ara O Kiri Patuparaoa Anake,Shouldbe: Te Arai,2496
174.651945859172,-36.1797851895757,Te Ara O Kiri Patuparaoa Anake,Shouldbe: Te Arai,2121
174.656126942802,-36.1840320499389,Te Ara O Kiri Patuparaoa Anake,Shouldbe: Te Arai,1549
174.591439616531,-36.2162366722109,School Rd,Shouldbe: Te Arai,1756
174.580400732344,-36.1942253792145,Mangawhai Rd,Shouldbe: Te Arai,298
174.656188467704,-36.1840540297912,Te Ara Oneone Whanake,Shouldbe: Te Arai,1549
174.651825846275,-36.1762372678837,Te Ara Ruruhau Tairua,Shouldbe: Te Arai,2403
174.664159727762,-36.19408828296,Te Ara Whenua Miharo Kotiti,Shouldbe: Te Arai,260
174.666749716409,-36.1925327126933,Te Ara Whenua Miharo Kotiti,Shouldbe: Te Arai,200
174.663334911931,-36.18989135704,Te Ara Whenua Miharo Kotiti,Shouldbe: Te Arai,295
174.650221288482,-36.1754198978513,Te Ara O Kiri Patuparaoa Anake,Shouldbe: Te Arai,2623
174.581503596454,-36.1745139689702,Mangawhai Rd,Shouldbe: Te Arai,0
174.59851572267,-36.2394890992854,Pool Rd,Shouldbe: Te Arai,274
174.583220240592,-36.176867153185,Mangawhai Rd,Shouldbe: Te Arai,0
172.878839463113,-34.4949641436986,Te Hapua Rd,Shouldbe: Te Hapua,241
172.856411584264,-34.5023972982955,Te Hapua Rd,Shouldbe: Te Hapua,47
174.293574312876,-35.660526303649,SH1,Shouldbe: Te Kamo,202
174.293115740569,-35.6581447414953,SH1,Shouldbe: Te Kamo,150
174.25299,-35.6827449821395,Church Rd,Shouldbe: Te Kamo,79
174.294900047373,-35.6564575260788,SH1,Shouldbe: Te Kamo,185
174.296152498154,-35.6545997376317,SH1,Shouldbe: Te Kamo,38
174.3150197,-35.6766694,Maui Pl,Shouldbe: Te Kamo,22
174.316005736805,-35.6773788739583,Maui Pl,Shouldbe: Te Kamo,0
174.3145835,-35.676802,Lindis Lane,Shouldbe: Te Kamo,0
174.3009496,-35.6834693,Kamo Rd,Shouldbe: Te Kamo,1123
174.3012272,-35.6839551,Kamo Rd,Shouldbe: Te Kamo,1078
174.3012696,-35.6840392,Kamo Rd,Shouldbe: Te Kamo,1071
174.3016066,-35.6846439,Kamo Rd,Shouldbe: Te Kamo,1018
174.3020654,-35.6855113,Kamo Rd,Shouldbe: Te Kamo,946
174.3028521,-35.6869258,Kamo Rd,Shouldbe: Te Kamo,814
174.3032164,-35.6875736,Kamo Rd,Shouldbe: Te Kamo,744
174.303793636416,-35.6885010512097,Kamo Rd,Shouldbe: Te Kamo,640
174.305035918817,-35.6901051255111,Kamo Rd,Shouldbe: Te Kamo,444
174.305386159508,-35.6904175149756,Kamo Rd,Shouldbe: Te Kamo,401
174.306498784072,-35.6908655391195,Kamo Rd,Shouldbe: Te Kamo,288
174.307995,-35.6914838,Kamo Rd,Shouldbe: Te Kamo,137
174.3083466,-35.6916385,Kamo Rd,Shouldbe: Te Kamo,102
174.3092212,-35.6920261,Kamo Rd,Shouldbe: Te Kamo,13
174.3126960129,-35.6768495096749,Corks Rd,Shouldbe: Te Kamo,0
174.3133845,-35.6750735,Hanlon Hts,Shouldbe: Te Kamo,53
174.313764092749,-35.67557365687,Kainui Hts,Shouldbe: Te Kamo,14
174.314643257909,-35.6757695182465,Sumner Pl,Shouldbe: Te Kamo,0
174.314642730965,-35.6757572042172,Rotokauri Rise,Shouldbe: Te Kamo,0
174.3139476,-35.6754185,Rotokauri Rise,Shouldbe: Te Kamo,0
174.3137068,-35.675268,Rotokauri Rise,Shouldbe: Te Kamo,17
172.970087589753,-34.6525020805524,SH1,Shouldbe: Te Kao,3685
172.969158078139,-34.6633680781395,SH1,Shouldbe: Te Kao,2502
172.969938046144,-34.6365808651532,SH1,Shouldbe: Te Kao,5419
172.970173841878,-34.6451840326116,SH1,Shouldbe: Te Kao,4480
172.9701998,-34.6496458,SH1,Shouldbe: Te Kao,3995
173.004581215581,-34.678741677936,SH1,Shouldbe: Te Kao,611
172.997191541917,-34.6733656640975,SH1,Shouldbe: Te Kao,1343
172.967171129086,-34.6583517770807,SH1,Shouldbe: Te Kao,3077
173.984288341324,-35.142013245796,Purerua Rd,Shouldbe: Te Ti Mangonui,1392
173.9967107,-35.1391124,Purerua Rd,Shouldbe: Te Ti Mangonui,2165
173.995344820242,-35.1412097577183,Purerua Rd,Shouldbe: Te Ti Mangonui,1931
174.336692979248,-35.6979939529294,Whareora Rd,Shouldbe: Tikipunga,721
174.335847343149,-35.6991972907041,Whareora Rd,Shouldbe: Tikipunga,592
174.332974292675,-35.7002261897028,Whareora Rd,Shouldbe: Tikipunga,306
174.332946670558,-35.700250011674,Hakawai Lane,Shouldbe: Tikipunga,302
174.3232037,-35.6882479,Puna Rere Dr,Shouldbe: Tikipunga,251
174.318317181723,-35.6768097529489,Wainui Ave,Shouldbe: Tikipunga,29
174.324381631634,-35.7001775525485,Waiatawa Rd,Shouldbe: Tikipunga,42
174.325317830255,-35.7017747878193,Waiatawa Rd,Shouldbe: Tikipunga,33
174.703959407298,-36.2628811620926,Pakiri Rd,"Shouldbe: Tomarata, Whangaripo",981
174.495937922297,-36.2377817314193,Waimanu Rd,Shouldbe: Topuni,0
173.699664928148,-35.055438416562,SH10,Shouldbe: Totara North,46
173.650780266613,-35.0347003999194,SH10,Shouldbe: Totara North,0
173.693308480404,-35.0582007662521,SH10,Shouldbe: Totara North,2939
173.667169282093,-35.043351936186,SH10,Shouldbe: Totara North,2118
174.148376132685,-35.5021370182775,Paiaka Rd,Shouldbe: Towai,3313
174.148629742401,-35.5260240046764,Paiaka Rd,Shouldbe: Towai,667
174.1499249,-35.5252994,Rusk Rd,Shouldbe: Towai,1141
174.149919691641,-35.5253119359949,Rusk Rd,Shouldbe: Towai,1141
174.134370642281,-35.4926776654544,Towai Rd,Shouldbe: Towai,897
174.149602199666,-35.5250521292478,Paiaka Rd,Shouldbe: Towai,755
173.8925525,-35.9518318,SH12,Shouldbe: Turiwiri,202
173.919763802934,-35.9960219507003,SH12,"Shouldbe: Arapohue, Turiwiri",499
174.524678659639,-35.5843326807222,Taurawhata Lane,Shouldbe: Tutukaka,140
174.520958562474,-35.5860273303084,Matapouri Rd,Shouldbe: Tutukaka,2429
174.521836732769,-35.5927791085855,Matapouri Rd,Shouldbe: Tutukaka,2254
174.521494056723,-35.5966790030011,Matapouri Rd,Shouldbe: Tutukaka,2176
174.522822488939,-35.5995095459805,Matapouri Rd,Shouldbe: Tutukaka,2085
174.52533,-35.6031793852374,Matapouri Rd,Shouldbe: Tutukaka,1819
174.524873365171,-35.6056044854575,Matapouri Rd,Shouldbe: Tutukaka,1574
174.524278595867,-35.6104885958671,Matapouri Rd,Shouldbe: Tutukaka,1089
174.524597907776,-35.6109354668486,Matapouri Rd,Shouldbe: Tutukaka,1066
174.520789159977,-35.6153784972943,Matapouri Rd,Shouldbe: Tutukaka,459
174.520275538375,-35.6160343265425,Matapouri Rd,Shouldbe: Tutukaka,378
174.520802664842,-35.5860542054089,Bluewater Hts,Shouldbe: Tutukaka,0
174.5093301,-35.5921003,Bluewater Hts,Shouldbe: Tutukaka,94
174.520810084344,-35.585759915656,Taurawhata Lane,Shouldbe: Tutukaka,203
173.636471403748,-35.298341659472,SH1,Shouldbe: Umawera,640
173.089137835469,-34.8983025774158,Hukatere Rd,Shouldbe: Waiharara,1979
173.631049987031,-35.4703305263788,SH12,Shouldbe: Waima,0
173.615082233853,-35.4867321132821,SH12,Shouldbe: Waima,558
173.871752928436,-35.3183080772134,Te Ahu Ahu Rd,Shouldbe: Waimate North,873
173.878854671519,-35.3148929789648,Te Ahu Ahu Rd,Shouldbe: Waimate North,1539
173.887288573135,-35.3133709233657,Te Ahu Ahu Rd,Shouldbe: Waimate North,2180
173.873808489442,-35.3167305108328,Te Ahu Ahu Rd,Shouldbe: Waimate North,1113
173.939863682906,-35.3144455947424,Te Ahu Ahu Rd,"Shouldbe: Oromahoe, Waimate North",3580
173.891616672411,-35.3142353080829,Te Ahu Ahu Rd,"Shouldbe: Oromahoe, Waimate North",2023
174.070878600331,-35.4278825048717,SH1,Shouldbe: Waiomio,3557
174.070812792114,-35.421087429395,SH1,Shouldbe: Waiomio,3912
174.161081242906,-35.9043146892736,Omana Rd,Shouldbe: Waiotira,1132
173.933751395133,-35.2078755482154,Waipapa Rd,Shouldbe: Waipapa,159
173.926089455558,-35.206533379957,Waipapa Rd,Shouldbe: Waipapa,459
173.9199627,-35.2059314,Waipapa Rd,Shouldbe: Waipapa,500
173.9192274,-35.2060727,Waipapa Rd,Shouldbe: Waipapa,534
173.9179788,-35.2063405,Waipapa Rd,Shouldbe: Waipapa,578
173.9343151,-35.2077511,Waipapa Rd,Shouldbe: Waipapa,114
173.444465532644,-35.6322209621848,Kawerua Rd,Shouldbe: Waipoua,505
173.4914673,-35.6153574,Kawerua Rd,Shouldbe: Waipoua Forest,2067
174.388881703823,-35.9398156592355,Waipu Caves Rd,Shouldbe: Waipu,1671
174.347942678479,-35.934828859583,Waipu Caves Rd,Shouldbe: Waipu,1139
174.390674610502,-35.9385606586431,Waipu Caves Rd,Shouldbe: Waipu,1733
174.348469786453,-35.9355571487486,Waipu Caves Rd,Shouldbe: Waipu,1167
174.351462504925,-35.9366633177812,Waipu Caves Rd,Shouldbe: Waipu,387
174.3668319,-35.9430502,Waipu Caves Rd,Shouldbe: Waipu,1000
174.367245999652,-35.9431120908933,Waipu Caves Rd,Shouldbe: Waipu,816
174.413174038367,-36.0346765371345,Waipu Gorge Rd,Shouldbe: Waipu,2520
174.4462968,-35.963624,SH1,Shouldbe: Waipu,3571
174.451705228543,-35.9552505092041,SH1,Shouldbe: Waipu,2751
174.455696067859,-35.9427199173385,SH1,Shouldbe: Waipu,1406
174.455563702264,-35.935471002643,SH1,Shouldbe: Waipu,608
174.4552926,-35.9341427,SH1,Shouldbe: Waipu,468
174.427903064963,-36.0797691454739,SH1,Shouldbe: Waipu,44
174.435635601026,-35.9777025574429,SH1,Shouldbe: Waipu,3612
174.455791514334,-35.942588555266,Golf Club Acess Road,Shouldbe: Waipu,1403
174.683241057452,-36.3688632424529,Matakana Rd,Shouldbe: Warkworth,0
174.65947604072,-36.3874854826402,Matakana Rd,Shouldbe: Warkworth,1510
174.660464205184,-36.3899736599273,Matakana Rd,Shouldbe: Warkworth,1652
174.649001943365,-36.3685525035002,Dashper Dr,Shouldbe: Warkworth,1542
174.703048925871,-36.3724462982716,Matakana Rd,Shouldbe: Warkworth,44
174.65944,-36.3860095504742,Matakana Rd,Shouldbe: Warkworth,1403
174.660348655336,-36.3844931935769,Matakana Rd,Shouldbe: Warkworth,1322
174.6599936,-36.3846979,Matakana Rd,Shouldbe: Warkworth,1322
174.671834789348,-36.376505675594,Matakana Rd,Shouldbe: Warkworth,0
174.66069555221,-36.3840615027523,Matakana Rd,Shouldbe: Warkworth,178
174.6603526,-36.3844868,Matakana Rd,Shouldbe: Warkworth,1280
174.660031718078,-36.3851765383598,Matakana Rd,Shouldbe: Warkworth,1401
174.565927100159,-36.284270099908,Whangaripo Valley Rd,Shouldbe: Wellsford,659
174.548978313146,-36.2860539102994,Whangaripo Valley Rd,Shouldbe: Wellsford,817
174.535855435199,-36.2944033254516,Whangaripo Valley Rd,Shouldbe: Wellsford,2333
174.546100512319,-36.2277222183285,Wharfe Rd,Shouldbe: Wellsford,129
174.571020207514,-36.2815143207715,Tomarata Valley Rd,Shouldbe: Wellsford,4848
174.46737054543,-36.3596203786132,SH16,Shouldbe: Wellsford,0
174.471976872778,-36.3508048560282,SH16,Shouldbe: Wellsford,0
174.46864,-36.3367547439148,SH16,Shouldbe: Wellsford,1290
174.48207488964,-36.3222068006491,SH16,Shouldbe: Wellsford,3268
174.488834496339,-36.3194983807763,SH16,Shouldbe: Wellsford,3793
174.556388950488,-36.3375608772228,SH1,Shouldbe: Wellsford,1810
174.513019766169,-36.274116671626,SH1,Shouldbe: Wellsford,1303
174.514225711938,-36.2764080183667,SH1,Shouldbe: Wellsford,1395
174.518226216761,-36.2806110815656,SH1,Shouldbe: Wellsford,1651
174.546997544667,-36.2373952562534,Silver Hill Rd,Shouldbe: Wellsford,3240
174.522212861356,-36.2551086313704,Silver Hill Rd,Shouldbe: Wellsford,248
174.567036649047,-36.2826545933941,Whangaripo Valley Rd,Shouldbe: Wellsford,301
174.550717968923,-36.2373842598943,Silver Hill Rd,"Shouldbe: Te Arai, Wellsford",3477
174.585840851219,-36.2654363686189,Tomarata Valley Rd,"Shouldbe: Wellsford, Whangaripo",2574
174.242577811857,-35.5518116233404,Roadway,Shouldbe: Whakapara,3125
174.293386436925,-35.5247723009142,Pigs Head Rd,Shouldbe: Whakapara,132
174.30258422319,-35.4781610531483,Russell Rd,Shouldbe: Whakapara,1086
174.258735444566,-36.1520195129892,Whakapirau Rd,Shouldbe: Whakapirau,3128
174.293582639715,-36.1433734898929,Whakapirau Rd,Shouldbe: Whakapirau,351
174.2839587,-36.1444759,Whakapirau Rd,Shouldbe: Whakapirau,1212
174.282600443491,-36.1451858686741,Whakapirau Rd,Shouldbe: Whakapirau,1316
174.25069133731,-36.155422687671,Whakapirau Rd,Shouldbe: Whakapirau,3271
174.239079908607,-36.1550549543036,Whakapirau Rd,Shouldbe: Whakapirau,3877
174.244130327459,-36.1563655667497,Whakapirau Rd,Shouldbe: Whakapirau,3474
174.402955460603,-35.5578029043608,Whananaki South Rd,Shouldbe: Whananaki,367
174.4625395,-35.5431789,McAuslin Rd,Shouldbe: Whananaki,582
174.465423331074,-35.5454860632766,McAuslin Rd,Shouldbe: Whananaki,215
174.447512292631,-35.5277312250306,Whananaki South Rd,Shouldbe: Whananaki,4639
174.447872414084,-35.5330356831109,Whananaki South Rd,Shouldbe: Whananaki,4443
174.323090268335,-35.7228714132903,Hatea Dr,Shouldbe: Whangarei,857
174.319314389039,-35.72563,Water St,Shouldbe: Whangarei,43
174.318777,-35.7257613,Water St,Shouldbe: Whangarei,24
174.3184768,-35.7258913,Water St,Shouldbe: Whangarei,20
174.501333151871,-35.8044658340331,Whangarei Heads Rd,Shouldbe: Whangarei Heads,1609
174.52948240081,-35.8282086288318,Whangarei Heads Rd,Shouldbe: Whangarei Heads,4817
174.527876583512,-35.8268997800199,Whangarei Heads Rd,Shouldbe: Whangarei Heads,4678
174.52390555567,-35.824670512847,Whangarei Heads Rd,Shouldbe: Whangarei Heads,4453
174.5234838,-35.824759,Whangarei Heads Rd,Shouldbe: Whangarei Heads,4453
174.517523664668,-35.8247889023333,Whangarei Heads Rd,Shouldbe: Whangarei Heads,4294
174.515597290065,-35.8244027278487,Whangarei Heads Rd,Shouldbe: Whangarei Heads,4169
174.515013912539,-35.8235897813475,Whangarei Heads Rd,Shouldbe: Whangarei Heads,4066
174.513250669012,-35.8214593136673,Whangarei Heads Rd,Shouldbe: Whangarei Heads,3780
174.510448578858,-35.8211080153178,Whangarei Heads Rd,Shouldbe: Whangarei Heads,3630
174.508509638999,-35.8214591984082,Whangarei Heads Rd,Shouldbe: Whangarei Heads,3592
174.505135435518,-35.8194883505362,Whangarei Heads Rd,Shouldbe: Whangarei Heads,3272
174.5042882,-35.8191631,Whangarei Heads Rd,Shouldbe: Whangarei Heads,3214
174.503962874632,-35.8189525552286,Whangarei Heads Rd,Shouldbe: Whangarei Heads,3183
174.503870355154,-35.8175046796838,Whangarei Heads Rd,Shouldbe: Whangarei Heads,3027
174.504719194004,-35.8158754752532,Whangarei Heads Rd,Shouldbe: Whangarei Heads,2887
174.504841903682,-35.815028999223,Whangarei Heads Rd,Shouldbe: Whangarei Heads,2805
174.5047113,-35.8145547,Whangarei Heads Rd,Shouldbe: Whangarei Heads,2753
174.502096688312,-35.8072670148441,Whangarei Heads Rd,Shouldbe: Whangarei Heads,1911
174.499841795431,-35.7992846137071,Whangarei Heads Rd,Shouldbe: Whangarei Heads,1051
174.501969317868,-35.7946598336625,Whangarei Heads Rd,Shouldbe: Whangarei Heads,779
174.321040217979,-35.7318211885948,Porowini Ave,"Shouldbe: Morningside, Whangarei",389
174.323334107375,-35.7220276890961,Hatea Dr,"Shouldbe: Regent, Whangarei",777
174.606688796516,-36.2535500612316,Tomarata Valley Rd,Shouldbe: Whangaripo,2357
174.669597400475,-36.2807334689633,Pakiri Rd,Shouldbe: Whangaripo,4090
173.75543,-35.0521227750888,Ota Point Rd,Shouldbe: Whangaroa,218
174.296788124258,-35.3095089767673,Rawhiti Rd,Shouldbe: Whangaruru,1906
174.299418065371,-35.3072463505303,Rawhiti Rd,Shouldbe: Whangaruru,1737
174.424874756909,-36.3335019873263,Wharehine Rd,Shouldbe: Wharehine,876
174.4162286,-36.3297717,Run Rd,Shouldbe: Wharehine,2274
174.409010026433,-36.3267507895639,Run Rd,Shouldbe: Wharehine,305
174.415035416481,-36.3299185429758,Run Rd,Shouldbe: Wharehine,2028
174.433539935947,-35.6843914029086,Pataua North Rd,Shouldbe: Whareora,1145
174.338088779875,-35.6964312201252,Whareora Rd,"Shouldbe: Tikipunga, Whareora",915
174.3168117,-35.7010534,Moody Ave,Shouldbe: Whau Valley,112
174.314573227995,-35.69731,Rupert Clark Rd,Shouldbe: Whau Valley,442
174.314421522361,-35.6982402568892,Rupert Clark Rd,Shouldbe: Whau Valley,496
174.313443446425,-35.69947,Kamo Bypass,Shouldbe: Whau Valley,590
174.313926565537,-35.7000295959455,Western Hills Dr,Shouldbe: Whau Valley,652
174.315056590206,-35.6995480017632,Rupert Clark Rd,Shouldbe: Whau Valley,546
174.3136989,-35.699753,SH1,Shouldbe: Whau Valley,147
174.311773388536,-35.6907482675413,SH1,"Shouldbe: Otangarei, Whau Valley",42
174.143612190725,-35.8261599385419,Otuhi Rd,Shouldbe: Wheki Valley,3248
174.152404312834,-35.8134285327274,Otuhi Rd,Shouldbe: Wheki Valley,1977
174.156977380987,-35.8015498185093,Otuhi Rd,Shouldbe: Wheki Valley,913
174.133113073081,-35.8004390471986,SH14,Shouldbe: Wheki Valley,1007
174.107703380758,-35.8104010103688,SH14,Shouldbe: Wheki Valley,3040
174.119556758235,-35.8195967156668,Otuhi Rd,Shouldbe: Wheki Valley,3040
174.149835651168,-35.8312074659202,Codlin Rd,Shouldbe: Wheki Valley,497
173.453091175617,-35.4889427576196,Mountain Rd,Shouldbe: Whirinaki,503
173.461070356885,-35.4625984432195,Koutu Loop Rd,Shouldbe: Whirinaki,1098
174.3066832,-35.7256728,Garden Crt,Shouldbe: Woodhill,0
174.30627356263,-35.7262530876125,Garden Crt,Shouldbe: Woodhill,12
174.3061215,-35.7261213,Garden Crt,Shouldbe: Woodhill,0
174.3079876,-35.7282876,Kirikiri Rd,Shouldbe: Woodhill,79
174.3086668,-35.728997,Kirikiri Rd,Shouldbe: Woodhill,55
174.307732,-35.7280337,Kirikiri Rd,Shouldbe: Woodhill,12
174.3059491,-35.7264187,Kirikiri Rd,Shouldbe: Woodhill,0
174.3061256,-35.7261155,Garden Crt,Shouldbe: Woodhill,0
174.3058626,-35.7262883,Garden Crt,Shouldbe: Woodhill,0
174.3083464,-35.7286959,Kirikiri Rd,Shouldbe: Woodhill,66
