175.1921265136555,-38.25568508425239,Old Te Kuiti Rd,Shouldbe: Hangatiki,610
175.47890429396537,-37.43463221347003,Maukoro Landing Rd,Shouldbe: Patetonga,1736
175.4913231,-37.4328573,Maukoro Landing Rd,Shouldbe: Patetonga,906
174.82218,-37.184502895835145,Kingseat Rd,Shouldbe: Patumahoe,915
174.8223479974045,-37.18500510476658,Kingseat Rd,Shouldbe: Patumahoe,989
174.82287963837933,-37.18253813646515,Lusk Way,Shouldbe: Patumahoe,804
174.8250682411979,-37.18413874066442,Pamela Christine Rd,Shouldbe: Patumahoe,1037
174.82316822661642,-37.183176565778886,Pamela Christine Rd,Shouldbe: Patumahoe,851
174.82226971241994,-37.18340063341869,Pamela Christine Rd,Shouldbe: Patumahoe,875
174.82407916502598,-37.18422576998801,Tavarnya Way,Shouldbe: Patumahoe,1015
174.82428629999998,-37.185433999999994,Darnika Way,Shouldbe: Patumahoe,1149
174.82540567744869,-37.18520682508105,Pamela Christine Rd,Shouldbe: Patumahoe,1159
174.8222006,-37.183796,Kingseat Rd,Shouldbe: Patumahoe,875
175.3216917,-37.8318686,Gainsford Rd,Shouldbe: Peacocke,0
175.3012144,-37.8361525,SH3,Shouldbe: Peacocke,186
175.3006409,-37.8353856,SH3,Shouldbe: Peacocke,282
175.29872690906072,-37.832937728325795,SH3,Shouldbe: Peacocke,601
175.29731840000002,-37.8293327,SH3,Shouldbe: Peacocke,1016
175.3007589221988,-37.835302180037274,Hall Rd,Shouldbe: Peacocke,1591
175.29715793331735,-37.82860141531827,SH3,Shouldbe: Peacocke,1096
175.30815470000002,-37.8085089,Peacockes Rd,Shouldbe: Peacocke,8
175.2997229,-37.8260861,Whatukooruru Dr,Shouldbe: Peacocke,1
175.31889515870608,-37.83385,Gainsford Rd,Shouldbe: Peacocke,0
174.94824212259203,-37.61715964133134,Highway 22,Shouldbe: Pepepe,2324
174.95411069424793,-37.6172520369996,Highway 22,Shouldbe: Pepepe,723
175.66932558506457,-37.943610464257645,SH1,Shouldbe: Piarere,0
175.733406,-37.9269369,Totman Rd,Shouldbe: Piarere,1154
175.71211701652663,-37.918099039619385,Totman Rd,Shouldbe: Piarere,851
176.66616918886135,-37.857600088723466,SH2,Shouldbe: Pikowai,1711
176.61242861350607,-37.97274098674467,Pikowai Rd,Shouldbe: Pikowai,51
176.6123494766126,-37.97004437152253,Pikowai Rd,Shouldbe: Pikowai,3319
176.62132898214483,-37.8394814320208,SH2,Shouldbe: Pikowai,21
176.63461397846874,-37.84528123756426,SH2,Shouldbe: Pikowai,1659
176.6679127697898,-37.85796653083016,SH2,Shouldbe: Pikowai,1564
175.0390644,-38.4506397,SH3,Shouldbe: Piopio,217
175.04053619163884,-38.44958427846596,SH3,Shouldbe: Piopio,141
175.02373446836097,-38.46482455786563,SH3,Shouldbe: Piopio,1246
175.0296832191897,-38.46314248855735,SH3,Shouldbe: Piopio,731
175.0336344135273,-38.455847171332714,SH3,Shouldbe: Piopio,236
174.97515477366125,-38.455723639032065,Mangaotaki Rd,Shouldbe: Piopio,3564
176.1572144,-37.731069000000005,SH29A,Shouldbe: Poike,18
176.15236659371422,-37.734911031329354,SH29A,Shouldbe: Poike,10
174.9891919853412,-37.24899397632038,Ridge Rd,Shouldbe: Pokeno,223
175.00898143001064,-37.216095331874996,Razorback Rd,Shouldbe: Pokeno,658
175.0056093191754,-37.210132143904325,Razorback Rd,Shouldbe: Pokeno,0
175.01212414425729,-37.22155009173068,Razorback Rd,Shouldbe: Pokeno,1247
174.69411163521968,-37.21794782891596,Awhitu Rd,Shouldbe: Pollok,236
174.88050715644425,-38.359042248277554,Waitanguru Rd,Shouldbe: Pomarangai,0
174.76729710730066,-38.35444933885575,Pomarangai Rd,Shouldbe: Pomarangai,0
174.7666026,-38.3548761,Pomarangai Rd,Shouldbe: Pomarangai,0
174.99900161130256,-38.33672749352934,Waipuna Rd,Shouldbe: Pomarangai,551
176.50400718532492,-37.850092619142266,Old Coach Rd,Shouldbe: Pongakawa,117
176.49574606916494,-37.849190712461294,Old Coach Rd,Shouldbe: Pongakawa,841
176.45128116293802,-37.81192506617338,SH2,Shouldbe: Pongakawa,297
176.45535272643843,-37.81346471349571,SH2,Shouldbe: Pongakawa,640
176.599260039582,-37.91986732363091,Campbell Rd,Shouldbe: Pongakawa,804
176.4883165,-37.8222209,SH2,Shouldbe: Pongakawa,35
176.5989826,-37.9202959,Campbell Rd,Shouldbe: Pongakawa,957
176.45665571374136,-37.8139186578767,SH2,Shouldbe: Pongakawa,744
176.4722086,-37.8236714,SH2,Shouldbe: Pongakawa,2084
176.48570419614032,-37.82293179791854,SH2,Shouldbe: Pongakawa,1121
176.4602425233598,-37.81468445482658,SH2,Shouldbe: Pongakawa,1045
176.4628656917447,-37.81710205681766,SH2,Shouldbe: Pongakawa,1241
176.4720515,-37.8236403,SH2,Shouldbe: Pongakawa,2070
176.5679628946746,-37.88844874261089,Campbell Rd,"Shouldbe: Pongakawa, Pukehina",937
176.977855797644,-37.99741591388795,Rewatu Rd,Shouldbe: Poroporo,1875
176.95923940049593,-37.967888660093344,Paroa Rd,Shouldbe: Poroporo,719
176.95766114753397,-37.981492750472505,Station Rd,Shouldbe: Poroporo,2660
176.95342028216228,-37.990884329864606,Station Rd,Shouldbe: Poroporo,1545
176.95173680612504,-37.99491038556237,Station Rd,Shouldbe: Poroporo,1081
176.95106660000002,-37.9967122,Station Rd,Shouldbe: Poroporo,874
176.9489667529287,-38.00083951177505,Station Rd,Shouldbe: Poroporo,385
175.58105304065037,-38.086394443089304,Waimanu Rd,Shouldbe: Pukeatua,1314
176.20835602145607,-38.132488567186854,Roger St,Shouldbe: Pukehangi,165
176.20994199770658,-38.132276276573826,Roger St,Shouldbe: Pukehangi,65
176.50855238547683,-37.85544367039965,Rotoehu Rd,Shouldbe: Pukehina,217
176.5212715366819,-37.86787698129026,Rotoehu Rd,Shouldbe: Pukehina,1032
176.5682443070794,-37.86133635004038,Campbell Rd,Shouldbe: Pukehina,2810
174.97153356849077,-37.30997872591696,Murray Rd,Shouldbe: Pukekawa,1309
174.95556492437487,-37.350571641458295,Logan Rd,Shouldbe: Pukekawa,386
174.98485516709394,-37.30916931293344,Murray Rd,Shouldbe: Pukekawa,2087
174.98156834433155,-37.36872609278076,Highway 22,Shouldbe: Pukekawa,2610
174.98393,-37.35187626520413,Highway 22,Shouldbe: Pukekawa,2634
174.98393,-37.3505416,Highway 22,Shouldbe: Pukekawa,2923
174.98821361118664,-37.33402867499294,Highway 22,Shouldbe: Pukekawa,2920
174.98612980519076,-37.3266978441526,Highway 22,Shouldbe: Pukekawa,2948
174.97520069985165,-37.32528962607405,Highway 22,Shouldbe: Pukekawa,2024
174.95233577059935,-37.31244055232492,Highway 22,Shouldbe: Pukekawa,649
174.9499127037822,-37.303441297282625,Highway 22,Shouldbe: Pukekawa,211
174.98334533704517,-37.30815958565322,Murray Rd,Shouldbe: Pukekawa,1922
174.97789140494916,-37.30918758937573,Murray Rd,Shouldbe: Pukekawa,1660
174.96230924787406,-37.30071668620924,Murray Rd,Shouldbe: Pukekawa,0
174.90532381700507,-37.23165818913878,Ray Wright Rd,Shouldbe: Pukekohe,229
174.8972507,-37.2318877,Ray Wright Rd,Shouldbe: Pukekohe,485
174.90611850000002,-37.2223964,Tuakau Rd,Shouldbe: Pukekohe,940
174.8682856,-37.2259599,Waiuku Rd,Shouldbe: Pukekohe,18
174.86197840704972,-37.16393388686285,Ostrich Farm Rd,Shouldbe: Pukekohe,0
174.902041,-37.2167765,Tuakau Rd,Shouldbe: Pukekohe,968
174.90796,-37.2250248,Tuakau Rd,Shouldbe: Pukekohe,781
174.92362029227888,-37.21680085916273,Yates Rd,Shouldbe: Pukekohe,2
174.9135589,-37.2320114,Ray Wright Rd,Shouldbe: Pukekohe,56
174.95514730794207,-37.19756927211183,Pukekohe East Rd,Shouldbe: Pukekohe East,1199
174.9480874,-37.1958175,Pukekohe East Rd,Shouldbe: Pukekohe East,582
174.9545558,-37.1971541,Pukekohe East Rd,Shouldbe: Pukekohe East,1131
174.94986043035578,-37.195573362023715,Pukekohe East Rd,Shouldbe: Pukekohe East,682
174.96446,-37.215850457488436,Beaver Rd,Shouldbe: Pukekohe East,1248
174.9569286279355,-37.19838228097169,Pukekohe East Rd,Shouldbe: Pukekohe East,1381
175.02273660622484,-37.62703013654655,Rotowaro Rd,Shouldbe: Pukemiro,22
175.02295788015792,-37.62616696519543,Rotowaro Rd,Shouldbe: Pukemiro,999
175.45509423372192,-37.86151911328651,SH1B,Shouldbe: Pukemoremore,2665
175.45489381565244,-37.86041508480883,SH1B,Shouldbe: Pukemoremore,2591
175.45404487060037,-37.85903334343873,SH1B,Shouldbe: Pukemoremore,2532
175.45353,-37.8560847,SH1B,Shouldbe: Pukemoremore,2523
175.4535327683933,-37.854479335119336,SH1B,Shouldbe: Pukemoremore,2523
175.45361,-37.84541129667579,SH1B,Shouldbe: Pukemoremore,2527
175.4536805,-37.8365838,SH1B,Shouldbe: Pukemoremore,2718
175.43915381415727,-37.8307727714739,SH1B,Shouldbe: Pukemoremore,0
175.4532054,-37.83082,SH1B,Shouldbe: Pukemoremore,584
175.4537301,-37.8319981,SH1B,Shouldbe: Pukemoremore,2945
175.453754236025,-37.83662483575478,Fencourt Rd,Shouldbe: Pukemoremore,0
175.45608296317133,-37.8628261116915,Laurent Rd,Shouldbe: Pukemoremore,0
175.4556344,-37.8621069,Laurent Rd,Shouldbe: Pukemoremore,6
175.4550977061768,-37.861532963914144,Laurent Rd,Shouldbe: Pukemoremore,0
175.43910980875384,-37.84686,South Oaks Cl,Shouldbe: Pukemoremore,1250
175.43909376741195,-37.84552129504786,Pickering Rd,Shouldbe: Pukemoremore,1249
175.4245102,-37.860044200000004,Broadmeadows Rd,Shouldbe: Pukemoremore,0
175.4244506,-37.8679606,Hana Lane,Shouldbe: Pukemoremore,0
175.45477359713993,-37.86175820143003,SH1B,Shouldbe: Pukemoremore,2654
175.3379602,-37.7089418,SH1B,Shouldbe: Puketaha,597
175.3378511,-37.7144248,SH1B,Shouldbe: Puketaha,799
175.33835879482555,-37.708963284647304,Seddon Rd,Shouldbe: Puketaha,93
175.33785,-37.7147077,SH1B,Shouldbe: Puketaha,1412
175.2872385247034,-37.73237961841114,Gordonton Rd,Shouldbe: Puketaha,0
175.28907616300773,-37.73909009676434,Gordonton Rd,Shouldbe: Puketaha,0
175.2897585,-37.741098199999996,Gordonton Rd,Shouldbe: Puketaha,0
175.33798191863306,-37.707031597231754,SH1B,Shouldbe: Puketaha,0
175.22186689999998,-37.7345747,Kapuni St,Shouldbe: Pukete,4
175.2406011,-37.747913,Pukete Rd,Shouldbe: Pukete,0
175.24836976868457,-37.74619588975935,Totara Dr,Shouldbe: Pukete,0
175.11678381687105,-38.07713836116904,Ngutunui Rd,Shouldbe: Puketotara,742
175.0826649015197,-38.05741461552329,Pekanui Rd,Shouldbe: Puketotara,615
175.0883118975372,-38.060813345232866,Pekanui Rd,Shouldbe: Puketotara,1139
175.21617943987243,-38.42426050239224,SH30,Shouldbe: Puketutu,2268
175.3378701305863,-37.206481342135945,Front Miranda Rd,Shouldbe: Pukorokoro / Miranda,2408
175.3120768,-37.1659077,East Coast Rd,Shouldbe: Pukorokoro / Miranda,1664
175.33564726823948,-37.20473173993486,Front Miranda Rd,Shouldbe: Pukorokoro / Miranda,2667
175.7200144718902,-38.564428330495005,Kakaho Rd,Shouldbe: Pureora Forest Park,415
175.7200341225981,-38.5251528881349,Arataki Rd,Shouldbe: Pureora Forest Park,2398
175.7146449272733,-37.227526534968895,Otamakite Rd,Shouldbe: Puriri,0
175.72176485077918,-37.22549563473983,Otamakite Rd,Shouldbe: Puriri,42
175.72100779913836,-37.22594629540927,Otamakite Rd,Shouldbe: Puriri,28
175.7340699057952,-38.07121757948531,Waotu Rd,Shouldbe: Putaruru,832
175.7341615593208,-38.071153853106935,Dukeson Rd,Shouldbe: Putaruru,998
175.72392098093815,-38.07095162085628,Spains Rd,Shouldbe: Putaruru,832
175.70891167619553,-38.0896806331488,Tomalin Rd,Shouldbe: Putaruru,87
175.71554139489461,-38.086042003927226,Tomalin Rd,Shouldbe: Putaruru,0
175.72531387053414,-38.07577242076406,Waotu Rd,Shouldbe: Putaruru,273
175.80353287160077,-38.0518994250288,Domain Rd,Shouldbe: Putaruru,714
176.71547592904878,-38.09568305321343,Waterhouse St,Shouldbe: Putauaki,490
176.70909528937156,-38.09523129340573,Waterhouse St,Shouldbe: Putauaki,6
176.7730270053116,-38.03506988873364,SH34,Shouldbe: Putauaki,3624
176.76976280000002,-38.0368917,SH34,Shouldbe: Putauaki,3272
176.7681856,-38.037771299999996,SH34,Shouldbe: Putauaki,3104
176.7569434,-38.0440665,SH34,Shouldbe: Putauaki,1883
176.7555826,-38.0448329,SH34,Shouldbe: Putauaki,1747
176.7543424,-38.0455231,SH34,Shouldbe: Putauaki,1614
176.73969423325565,-38.05330542457776,SH34,Shouldbe: Putauaki,66
176.71656933124382,-38.09678448348257,Waterhouse St,Shouldbe: Putauaki,645
176.1015353762078,-37.75353954626259,Foley Grv,Shouldbe: Pyes Pa,53
176.1026980419378,-37.75374893231587,Paraone Koikoi Dr,Shouldbe: Pyes Pa,64
175.2669541533139,-37.752240415331386,Comries Rd,Shouldbe: Queenwood,0
175.2722629,-37.745758699999996,Glen Lynne Ave,Shouldbe: Queenwood,6
175.27035068703046,-37.74663455604461,Glen Lynne Ave,Shouldbe: Queenwood,14
175.2660136,-37.7477884,Glen Lynne Ave,Shouldbe: Queenwood,124
175.26564324928555,-37.747888916904806,Glen Lynne Ave,Shouldbe: Queenwood,496
175.2649862031469,-37.748612277715125,Glen Lynne Ave,Shouldbe: Queenwood,525
175.26693713859729,-37.75177,River Rd,Shouldbe: Queenwood,680
175.2707988014249,-37.75249207960815,Laurence St,Shouldbe: Queenwood,25
175.0264532894837,-37.832393423068126,SH23,Shouldbe: Raglan,0
175.02457841875002,-37.835174900000084,SH23,Shouldbe: Raglan,0
174.86995551496292,-37.89524165185874,Kawhia Rd,Shouldbe: Raglan,792
177.53799739252074,-38.45291540741863,Rakauroa Rd,Shouldbe: Rakauroa,1476
177.50736754032303,-38.481289493595916,Rakauroa Rd,Shouldbe: Rakauroa,1324
177.53372757203124,-38.46547907262718,Rakauroa Rd,Shouldbe: Rakauroa,2204
177.5377509,-38.453177600000004,Rakauroa Rd,Shouldbe: Rakauroa,2201
177.53569090992852,-38.44182708618673,Rakauroa Rd,Shouldbe: Rakauroa,1289
177.53550090892006,-38.443381986460274,Rakauroa Rd,Shouldbe: Rakauroa,1367
174.9781569,-37.156051999999995,Hillview Rd,Shouldbe: Ramarama,265
174.97751639999998,-37.1550005,Hillview Rd,Shouldbe: Ramarama,313
174.96716091691442,-37.14427543848804,Ararimu Rd,Shouldbe: Ramarama,3445
174.97202873292235,-37.14254239753425,Hillview Rd,Shouldbe: Ramarama,1192
174.97257684895624,-37.147428314673114,Hillview Rd,Shouldbe: Ramarama,381
174.9714353,-37.142712100000004,Ararimu Rd,Shouldbe: Ramarama,3333
174.95962642752215,-37.14392,Ararimu Rd,Shouldbe: Ramarama,3698
175.12869476639185,-37.42954580303203,SH1,Shouldbe: Rangiriri,44
175.11105679058036,-37.395099314606156,SH1,Shouldbe: Rangiriri,522
175.09872817990282,-37.377531175626686,SH1,Shouldbe: Rangiriri,1278
175.12103070489115,-37.40230090880547,Wayside Rd,Shouldbe: Rangiriri,125
175.12280666177088,-37.40413803115206,Wayside Rd,Shouldbe: Rangiriri,0
175.14242358467618,-37.434374077717514,SH1,Shouldbe: Rangiriri,2317
175.1471526,-37.4393527,SH1,Shouldbe: Rangiriri,2282
175.11803632718627,-37.40067639401143,Wayside Rd,Shouldbe: Rangiriri,421
175.12271185151047,-37.40505098931581,Wayside Rd,Shouldbe: Rangiriri,7
175.12292399173015,-37.40656525242858,Wayside Rd,Shouldbe: Rangiriri,76
175.10500299517182,-37.42588413943232,Churchill East Rd,Shouldbe: Rangiriri,3658
175.12313790000002,-37.4071542,Wayside Rd,Shouldbe: Rangiriri,33
175.10257348963853,-37.4542267165607,Rotongaro Rd,Shouldbe: Rangiriri West,1443
175.25618527012233,-38.325538284871975,Ngapeke Rd,Shouldbe: Rangitoto,0
176.33730636119054,-38.47517504758692,Broadlands Rd,Shouldbe: Reporoa,1467
176.3356547,-38.4865625,Broadlands Rd,Shouldbe: Reporoa,404
176.3361224,-38.4838216,Broadlands Rd,Shouldbe: Reporoa,631
176.3363690597108,-38.481932152832655,Broadlands Rd,Shouldbe: Reporoa,809
176.29622572059375,-38.447336865476004,Butcher Rd,Shouldbe: Reporoa,500
176.3350362,-38.4911341,Broadlands Rd,Shouldbe: Reporoa,225
176.4896237,-38.4668251,Goudies Rd,Shouldbe: Reporoa,0
176.45050126739932,-38.33479259113098,SH38,Shouldbe: Rerewhakaaitu,216
176.45164191697643,-38.3431578191305,SH38,Shouldbe: Rerewhakaaitu,0
175.6948812397565,-37.73783610390986,Landsdowne Rd,Shouldbe: Richmond Downs,1207
175.64511251534387,-37.70980973413964,Pakarau Rd,Shouldbe: Richmond Downs,2380
175.6234963,-37.7200171,Milliken Rd,Shouldbe: Richmond Downs,754
175.68059140728894,-37.69541951435065,Campbell Rd,Shouldbe: Richmond Downs,240
175.62251930587686,-37.7380948464405,Morrinsville-Walton Rd,Shouldbe: Richmond Downs,1386
175.70253634525844,-37.74577971006743,Landsdowne Rd,Shouldbe: Richmond Downs,835
175.6931863,-37.7362255,Landsdowne Rd,Shouldbe: Richmond Downs,1720
175.32781566048098,-37.80678018886579,Riverlea Rd,Shouldbe: Riverlea,87
175.31662720182956,-37.80456469140807,Howell Ave,Shouldbe: Riverlea,45
175.31838295046663,-37.804598149933334,Howell Ave,Shouldbe: Riverlea,0
175.31968195200955,-37.804469620571126,Howell Ave,Shouldbe: Riverlea,0
175.32087854405378,-37.804314082330315,Howell Ave,Shouldbe: Riverlea,13
175.326462,-37.8053017,Riverlea Rd,Shouldbe: Riverlea,0
175.3266733638279,-37.80548142958964,Riverlea Rd,Shouldbe: Riverlea,0
175.3279171,-37.8078591,Riverlea Rd,Shouldbe: Riverlea,201
175.3276294,-37.8087619,Riverlea Rd,Shouldbe: Riverlea,305
175.3275691,-37.8089522,Riverlea Rd,Shouldbe: Riverlea,326
175.32747728137835,-37.809179569548284,Riverlea Rd,Shouldbe: Riverlea,352
175.32723,-37.81020142900488,Riverlea Rd,Shouldbe: Riverlea,456
176.46487522879184,-38.054899266495234,SH30,Shouldbe: Rotoiti Forest,2447
176.4729171447051,-38.05396832883414,SH30,Shouldbe: Rotoiti Forest,3157
176.44853991579618,-38.05519666375435,SH30,Shouldbe: Rotoiti Forest,1016
176.45254211356124,-38.05500488958892,SH30,Shouldbe: Rotoiti Forest,1367
176.45788185508565,-38.05561274023632,SH30,Shouldbe: Rotoiti Forest,1830
176.48695195641832,-38.03369553682281,Tamatea St,Shouldbe: Rotoiti Forest,0
175.18119819126082,-37.7587705119538,Fullerton Rd,Shouldbe: Rotokauri,1294
175.18266296148587,-37.757404859085355,Duck Rd,Shouldbe: Rotokauri,1260
175.2106989,-37.7685369,Rotokauri Rd,Shouldbe: Rotokauri,374
176.0973014,-38.6373575,SH1,Shouldbe: Rotokawa,236
176.14386753649643,-38.624522463503574,Aratiatia Rd,Shouldbe: Rotokawa,801
176.14412506542894,-38.622123194332566,Aratiatia Rd,Shouldbe: Rotokawa,556
176.13703435140806,-38.61798226033523,Aratiatia Rd,Shouldbe: Rotokawa,0
176.7157053457397,-38.067621226738055,Spencer Ave,Shouldbe: Rotoma,0
176.72220780277559,-37.99321723791571,Braemar Rd,Shouldbe: Rotoma,2186
176.73911744394715,-37.96690746404739,Braemar Rd,Shouldbe: Rotoma,1003
175.08422148413666,-37.537276761883646,Waikokowai Rd,Shouldbe: Rotongaro,3593
176.2404205,-38.13315909999999,Tarewa Rd,Shouldbe: Rotorua,402
176.24075387369908,-38.13711603592294,SH30A,Shouldbe: Rotorua,79
176.24007310000002,-38.1368901,SH30A,Shouldbe: Rotorua,19
176.2539,-38.1398311,Fenton St,Shouldbe: Rotorua,31
176.2393898,-38.136899,Tarewa Rd,Shouldbe: Rotorua,826
176.23936726652934,-38.136792407025894,Tarewa Rd,Shouldbe: Rotorua,750
176.252349968672,-38.13031610323938,Lakefront Dr,Shouldbe: Rotorua,6
176.23904492407797,-38.13604544902353,Tarewa Rd,Shouldbe: Rotorua,596
176.2404854741364,-38.13304034123855,Tarewa Rd,Shouldbe: Rotorua,43
176.2394498,-38.1346846,Tarewa Rd,Shouldbe: Rotorua,412
175.2739868,-37.7398861,Hukanui Rd,Shouldbe: Rototuna,169
175.27332869999998,-37.7368339,Hukanui Rd,Shouldbe: Rototuna,511
175.27366980000002,-37.7385089,Hukanui Rd,Shouldbe: Rototuna,324
175.273429,-37.7373647,Hukanui Rd,Shouldbe: Rototuna,452
175.27367267337937,-37.73356282408701,Hukanui Rd,Shouldbe: Rototuna,872
175.2735587,-37.7379838,Hukanui Rd,Shouldbe: Rototuna,382
175.2736491,-37.7383959,Hukanui Rd,Shouldbe: Rototuna,336
175.27319312271632,-37.736203019887064,Hukanui Rd,Shouldbe: Rototuna,580
175.26760579999998,-37.732358999999995,Cate Rd,Shouldbe: Rototuna,158
175.26753069999998,-37.732241099999996,Cate Rd,Shouldbe: Rototuna,144
175.26727259999998,-37.7316955,Cate Rd,Shouldbe: Rototuna,81
175.2672106,-37.731600900000004,Cate Rd,Shouldbe: Rototuna,70
175.27388,-37.732833519942915,Hukanui Rd,Shouldbe: Rototuna,953
175.26268019999998,-37.7311709,Caversham Dr,Shouldbe: Rototuna North,0
176.97893711447048,-38.62885944067024,Waikaremoana Rd,Shouldbe: Ruatahuna,996
176.95983648777047,-38.613185725049185,Waikaremoana Rd,Shouldbe: Ruatahuna,2790
176.98617255117873,-38.62475200121671,Waikaremoana Rd,Shouldbe: Ruatahuna,958
176.9665395429315,-38.618782937207314,Waikaremoana Rd,Shouldbe: Ruatahuna,1545
176.98791992469197,-38.6222096577186,Waikaremoana Rd,Shouldbe: Ruatahuna,479
178.33958176614007,-37.84520233859941,Tinatoka Rd,Shouldbe: Ruatoria,3572
178.32427181572862,-37.84362558035496,Tinatoka Rd,Shouldbe: Ruatoria,3558
178.31651222973082,-37.84671792034318,Stainton Rd,Shouldbe: Ruatoria,3833
178.3141829,-37.847759499999995,Stainton Rd,Shouldbe: Ruatoria,3835
174.95253642239086,-37.535231322459865,Highway 22,Shouldbe: Ruawaro,214
175.3156148054851,-37.85797004535531,Narrows Rd,Shouldbe: Rukuhia,1948
175.325563563792,-37.849678980251454,Narrows Rd,Shouldbe: Rukuhia,1417
175.3289273052632,-37.84760350870243,Narrows Rd,Shouldbe: Rukuhia,1156
175.33165789999998,-37.845953,Narrows Rd,Shouldbe: Rukuhia,908
175.32776864387603,-37.840138707061065,Lowe Rd,Shouldbe: Rukuhia,269
175.3277539802386,-37.83399772688284,Lowe Rd,Shouldbe: Rukuhia,52
175.30698940000002,-37.8461178,SH3,Shouldbe: Rukuhia,3199
175.3235269906815,-37.87672411986074,SH3,Shouldbe: Rukuhia,4
175.32370890327348,-37.874117972009614,SH3,Shouldbe: Rukuhia,282
175.32462165914492,-37.86680345368123,SH3,Shouldbe: Rukuhia,1070
175.32468436599638,-37.864158402986035,SH3,Shouldbe: Rukuhia,1124
175.32350687065832,-37.86222933159508,SH3,Shouldbe: Rukuhia,1299
175.31920432475079,-37.858450132377875,SH3,Shouldbe: Rukuhia,1764
175.315589,-37.858090499999996,SH3,Shouldbe: Rukuhia,2087
175.3143980745838,-37.85812584369219,SH3,Shouldbe: Rukuhia,2144
175.3062172,-37.852656,SH3,Shouldbe: Rukuhia,2528
175.30592868272913,-37.85219775501026,SH3,Shouldbe: Rukuhia,2569
175.32323338320555,-37.8505914302388,Narrows Rd,Shouldbe: Rukuhia,1757
174.94438062338594,-37.1458615738031,Runciman Rd,Shouldbe: Runciman,221
176.2227773,-38.1168913,Kea St,Shouldbe: Selwyn Heights,152
176.2224921,-38.1170288,Kea St,Shouldbe: Selwyn Heights,151
176.22070574232674,-38.11790727432309,Kea St,Shouldbe: Selwyn Heights,199
176.21948,-38.11882884390425,Kea St,Shouldbe: Selwyn Heights,282
176.22415565451632,-38.11421199168002,Kea St,Shouldbe: Selwyn Heights,25
176.22372899487644,-38.11447100512356,Kea St,Shouldbe: Selwyn Heights,67
175.57244413091158,-37.53488525876771,Wiseman Rd,Shouldbe: Springdale,160
176.23586764203276,-38.16029329192262,Otonga Rd,Shouldbe: Springfield,295
176.24140347714402,-38.15641985793654,SH5,Shouldbe: Springfield,221
176.24203,-38.1603958588861,SH5,Shouldbe: Springfield,634
176.2421777478245,-38.16096961601655,SH5,Shouldbe: Springfield,697
176.24420621058852,-38.16262448542504,SH5,Shouldbe: Springfield,937
176.24482270761476,-38.16307229105864,SH5,Shouldbe: Springfield,1006
175.2513339,-37.7544978,Bryant Rd,Shouldbe: St Andrews,113
175.25239309999998,-37.753912400000004,Bryant Rd,Shouldbe: St Andrews,226
175.2502311,-37.7551336,Bryant Rd,Shouldbe: St Andrews,0
175.2536986,-37.7531555,Bryant Rd,Shouldbe: St Andrews,369
175.25838480000002,-37.7606585,Vardon Rd,Shouldbe: St Andrews,373
175.2581324,-37.760867999999995,Vardon Rd,Shouldbe: St Andrews,346
175.2566648,-37.7619986,Vardon Rd,Shouldbe: St Andrews,186
175.255759,-37.7627228,Vardon Rd,Shouldbe: St Andrews,114
175.2557104,-37.7627795,Vardon Rd,Shouldbe: St Andrews,113
175.25455871725455,-37.75270463553566,Bryant Rd,Shouldbe: St Andrews,459
175.2517266,-37.7542764,Bryant Rd,Shouldbe: St Andrews,155
175.8841258,-37.5786692,Rea Rd,Shouldbe: Tahawai,1548
175.89446229969445,-37.55559724036668,Busby Rd,Shouldbe: Tahawai,581
175.9125622542653,-37.58205633021441,SH2,Shouldbe: Tahawai,0
175.91238251445353,-37.583149313572605,SH2,Shouldbe: Tahawai,0
175.88472269109448,-37.57858558784274,Rea Rd,Shouldbe: Tahawai,1600
175.8699959040292,-37.58213204798539,Tye Rd,Shouldbe: Tahawai,333
175.8872210420105,-37.57825712455342,Rea Rd,Shouldbe: Tahawai,1805
175.87252864956272,-37.5792012026792,Rea Rd,Shouldbe: Tahawai,519
175.5076895,-37.5671633,Morrinsville-Tahuna Rd,Shouldbe: Tahuna,250
175.33478683553818,-37.809051699659236,SH1c,Shouldbe: Tamahere,36
175.33136028517168,-37.806484840080806,SH1c,Shouldbe: Tamahere,28
175.3323789693391,-37.80701185583693,SH1c,Shouldbe: Tamahere,110
175.3341585537379,-37.80836573544859,SH1c,Shouldbe: Tamahere,322
175.39392483172983,-37.85606762413214,SH1,Shouldbe: Tamahere,2205
175.3510054,-37.829150399999996,Wiremu Tamihana Dr,Shouldbe: Tamahere,3172
175.3888017,-37.8689666,Hooker Rd,Shouldbe: Tamahere,863
175.3956534,-37.8579419,SH1,Shouldbe: Tamahere,1966
175.40184757688593,-37.86426632004472,SH1,Shouldbe: Tamahere,1122
175.37655230112233,-37.86186689633759,Hooker Rd,Shouldbe: Tamahere,1882
175.3505442,-37.828941900000004,Wiremu Tamihana Dr,Shouldbe: Tamahere,3283
175.40535319999998,-37.868704300000005,State Highway 1,Shouldbe: Tamahere,281
175.33611646982274,-37.80972431117547,SH1c,Shouldbe: Tamahere,423
175.40766204893202,-37.87211750860436,State Highway 1,Shouldbe: Tamahere,60
175.39994161037032,-37.87162008870654,Hooker Rd,Shouldbe: Tamahere,104
175.39415649999998,-37.856088,SH1,Shouldbe: Tamahere,1963
175.39582805802468,-37.857910220412435,SH1,Shouldbe: Tamahere,1431
175.3996897,-37.861860199999995,SH1,Shouldbe: Tamahere,1040
175.4255430572305,-37.83965042611677,Bruntwood Rd,"Shouldbe: Pukemoremore, Tamahere",0
176.99581342565173,-38.00584093737139,Taneatua Rd,Shouldbe: Taneatua,0
177.00627435387062,-38.072178449289524,Awahou Rd,Shouldbe: Taneatua,1991
176.9966451923893,-38.021963381485484,Taneatua Rd,Shouldbe: Taneatua,1588
177.0096614184448,-38.07744161770426,Awahou Rd,Shouldbe: Taneatua,1609
176.99727844163576,-38.008833029160115,Taneatua Rd,Shouldbe: Taneatua,190
177.00153696449172,-38.07723910652486,Reid Rd,Shouldbe: Taneatua,2046
176.9961053,-38.0190288,Taneatua Rd,Shouldbe: Taneatua,1322
176.99629383259605,-38.02941042198391,Taneatua Rd,Shouldbe: Taneatua,2351
176.99601444526095,-38.032153379873336,Taneatua Rd,Shouldbe: Taneatua,2616
176.99742664218672,-38.01116997495288,Taneatua Rd,Shouldbe: Taneatua,443
175.9277815,-37.493005499999995,SH2,Shouldbe: Tanners Point,132
175.820993,-38.000163,SH28,Shouldbe: Tapapa,1906
175.8563602,-37.9406137,Kakahu Rd,Shouldbe: Tapapa,1652
175.8130880542356,-38.019972482522334,SH28,Shouldbe: Tapapa,0
175.81570063154206,-38.01764999554584,SH28,Shouldbe: Tapapa,0
175.81671080699323,-38.01637333633376,SH28,Shouldbe: Tapapa,212
175.82278199746756,-38.0019543546577,SH28,Shouldbe: Tapapa,344
175.8213078301273,-38.000469551853904,SH28,Shouldbe: Tapapa,1833
175.58754380325743,-37.63029259825326,SH26,Shouldbe: Tatuanui,310
175.25911519614797,-37.64506015691838,SH1B,Shouldbe: Taupiri,2105
175.29208720440533,-37.65510464993793,SH1B,Shouldbe: Taupiri,0
175.2864908369483,-37.65094763299518,SH1B,Shouldbe: Taupiri,0
175.29759559335838,-37.63759649179998,Whitikahu Rd,Shouldbe: Taupiri,0
175.2757331544025,-37.64945120285464,SH1B,Shouldbe: Taupiri,707
175.2739670455756,-37.648440227345354,SH1B,Shouldbe: Taupiri,870
175.25742347230744,-37.64248216676892,SH1B,Shouldbe: Taupiri,2392
175.27313900000001,-37.5789554,Tenfoot Rd,Shouldbe: Taupiri,387
175.2720509,-37.5782867,Tenfoot Rd,Shouldbe: Taupiri,303
175.26419221249733,-37.570308821371725,Tenfoot Rd,Shouldbe: Taupiri,21
175.26858186992447,-37.61751741403202,Uapoto Rd,Shouldbe: Taupiri,3023
175.2741255,-37.5795462,Tenfoot Rd,Shouldbe: Taupiri,455
175.24370153008434,-37.587523656720336,Uapoto Rd,Shouldbe: Taupiri,247
175.26035326928786,-37.60387859972479,Uapoto Rd,Shouldbe: Taupiri,884
175.29233810605754,-37.655039591685735,Whitikahu Rd,Shouldbe: Taupiri,2625
176.1715738,-37.6744775,Te Awanui Dr,Shouldbe: Tauranga,939
176.1800503,-37.6711071,Te Awanui Dr,Shouldbe: Tauranga,73
176.1167831986926,-37.71892020196112,Westridge Dr,Shouldbe: Tauriko,68
176.109111885062,-37.73472405746901,SH29A,Shouldbe: Tauriko,96
176.11169865751032,-37.71992957211399,Westridge Dr,Shouldbe: Tauriko,435
176.1135422617635,-37.72021883353106,Westridge Dr,Shouldbe: Tauriko,114
175.4105446870766,-37.784629323100795,Platt Rd,Shouldbe: Tauwhare,489
175.46669392529867,-37.75583371341298,Tahuroa Rd,Shouldbe: Tauwhare,618
178.07315837119967,-38.40102281701119,Hokoroa Rd,Shouldbe: Tauwhareparae,3221
176.98028349999998,-38.1314557,Rewarau Rd,Shouldbe: Tawera,220
174.8143454547805,-37.62628582438485,Te Akau Coast Rd,Shouldbe: Te Akau,698
174.89105740963976,-37.66418916501423,Te Akau Rd,Shouldbe: Te Akau,2276
174.80613181349494,-38.20879436915751,Taharoa Rd,Shouldbe: Te Anga,426
174.85469911227003,-38.27814554721378,Walkway,Shouldbe: Te Anga,1504
174.85288196421646,-38.2750107401224,Walkway,Shouldbe: Te Anga,1650
178.34873936640628,-37.71283009166628,SH35,Shouldbe: Te Araroa,1256
175.70009196401912,-37.555569477428975,SH26,Shouldbe: Te Aroha,4071
175.67920998649916,-37.566751654419704,SH26,Shouldbe: Te Aroha,2262
175.68287718345078,-37.56246417232609,SH26,Shouldbe: Te Aroha,2833
175.67922734894736,-37.5668188538795,Mikkelsen Rd,Shouldbe: Te Aroha,1776
175.6910824,-37.558908499999994,SH26,Shouldbe: Te Aroha,3404
175.69728906728898,-37.5567699546869,SH26,Shouldbe: Te Aroha,3839
175.7363885,-37.5632389,Te Aroha-Gordon Rd,Shouldbe: Te Aroha West,486
175.71324679999998,-37.5965227,O'Donoghue Rd,Shouldbe: Te Aroha West,315
175.72269696862585,-37.57760187344953,Stanley Rd S,Shouldbe: Te Aroha West,974
175.7571456073148,-37.577019303616986,Mill Rd,Shouldbe: Te Aroha West,928
175.78400639999998,-37.5846081,Wairakau Rd,Shouldbe: Te Aroha West,1577
175.782317,-37.5851248,Wairakau Rd,Shouldbe: Te Aroha West,1521
175.7067046,-37.600225699999996,Waihekau Rd,Shouldbe: Te Aroha West,4652
175.7324052224873,-37.58738757260658,Stanley Rd S,Shouldbe: Te Aroha West,2110
175.7132797,-37.599313599999995,O'Donoghue Rd,Shouldbe: Te Aroha West,2131
175.7682363015459,-37.588674742616526,Wairakau Rd,Shouldbe: Te Aroha West,1225
175.78400639999998,-37.5846167,Wairakau Rd,Shouldbe: Te Aroha West,1501
175.6943322,-37.605802999999995,Piraunui Rd,Shouldbe: Te Aroha West,279
175.7572271661,-37.57713199911411,Te Aroha-Gordon Rd,Shouldbe: Te Aroha West,2628
175.7480216,-37.5709812,Te Aroha-Gordon Rd,Shouldbe: Te Aroha West,1659
175.74505900000003,-37.5689895,Te Aroha-Gordon Rd,Shouldbe: Te Aroha West,1350
175.7407334,-37.566108899999996,Te Aroha-Gordon Rd,Shouldbe: Te Aroha West,887
175.73931389999998,-37.565159300000005,Te Aroha-Gordon Rd,Shouldbe: Te Aroha West,748
175.73921090000002,-37.565110399999995,Te Aroha-Gordon Rd,Shouldbe: Te Aroha West,739
175.69408232002576,-37.60583124779184,Waihekau Rd,"Shouldbe: Te Aroha West, Waitoa",3363
175.3208281,-37.513644899999996,Te Hoe Rd,Shouldbe: Te Hoe,1941
175.3210874,-37.5142935,Te Hoe Rd,Shouldbe: Te Hoe,1868
175.31885169999998,-37.5188464,Te Hoe Rd,Shouldbe: Te Hoe,1578
177.87689659634637,-38.46140494725978,Mangaoae Rd,Shouldbe: Te Karaka,2722
174.86941822904433,-37.31827934167645,Kohanga Rd,Shouldbe: Te Kohanga,0
174.8584745026198,-37.3181264619977,Kohanga Rd,Shouldbe: Te Kohanga,49
175.13781023451816,-37.71794662880177,Ngaruawahia Rd,Shouldbe: Te Kowhai,520
175.1533586,-37.7344893,Ngaruawahia Rd,Shouldbe: Te Kowhai,2539
175.15321752337474,-37.733408329529,Ngaruawahia Rd,Shouldbe: Te Kowhai,2298
175.15291936089747,-37.731251677101206,Ngaruawahia Rd,Shouldbe: Te Kowhai,2115
175.1515108062283,-37.7296906930794,Ngaruawahia Rd,Shouldbe: Te Kowhai,1891
175.13554589999998,-37.734426600000006,Bedford Rd,Shouldbe: Te Kowhai,1393
175.2054075,-37.740537100000005,SH39,Shouldbe: Te Kowhai,0
175.20397351839958,-37.74021298172746,SH39,Shouldbe: Te Kowhai,0
175.1813869096789,-37.74364154808519,SH39,Shouldbe: Te Kowhai,238
175.1507665,-37.727722199999995,Coombes Rd,Shouldbe: Te Kowhai,1891
175.14942539999998,-37.7279407,Coombes Rd,Shouldbe: Te Kowhai,1915
175.13509762921802,-37.71501267407551,Ngaruawahia Rd,Shouldbe: Te Kowhai,130
175.14552315450806,-37.72079856223613,Ngaruawahia Rd,Shouldbe: Te Kowhai,1187
175.14559,-37.7216947,Ngaruawahia Rd,Shouldbe: Te Kowhai,1280
175.145591345857,-37.722244788992114,Ngaruawahia Rd,Shouldbe: Te Kowhai,1330
175.1531888420275,-37.73342836010671,Diane Pl,Shouldbe: Te Kowhai,2465
175.1207656190011,-38.306453350636666,Fullerton Rd,Shouldbe: Te Kuiti,1867
175.11188060795612,-38.317082484682224,Boddie Rd,Shouldbe: Te Kuiti,1986
175.0572944534545,-38.396208564732476,Mathers Rd,Shouldbe: Te Kuiti,1118
175.05459292975343,-38.3543949850137,Oparure Rd,Shouldbe: Te Kuiti,1042
175.09215849820717,-38.313233924039366,Boddie Rd,Shouldbe: Te Kuiti,1030
175.11846344961785,-38.30882311873075,Ototoika Rd,Shouldbe: Te Kuiti,1867
175.07812732951388,-38.482228617726285,Mapara Rd,Shouldbe: Te Mapara,10
175.16965270284402,-38.474650022393,Tikitiki Rd,Shouldbe: Te Mapara,155
175.06961475299588,-38.48653180023543,Kahuwera Rd,Shouldbe: Te Mapara,1423
175.5885490388309,-37.79066359334328,Waterworks Rd,Shouldbe: Te Miro,2227
175.57944912167838,-37.801439547004215,Waterworks Rd,Shouldbe: Te Miro,2970
175.5915108364535,-37.7899947602839,Waterworks Rd,Shouldbe: Te Miro,2346
175.59057655982906,-37.79043211202686,Waterworks Rd,Shouldbe: Te Miro,2278
175.5925001,-37.7887129,Waterworks Rd,Shouldbe: Te Miro,2339
175.58923326477088,-37.790590374179395,Waterworks Rd,Shouldbe: Te Miro,2245
175.58706564012772,-37.79211498279922,Waterworks Rd,Shouldbe: Te Miro,2280
175.82605851670252,-37.87693948626624,SH29,Shouldbe: Te Poi,1886
175.83125779222982,-37.87539026453283,SH29,Shouldbe: Te Poi,1999
175.8289327,-37.875984200000005,SH29,Shouldbe: Te Poi,1926
175.82293201829367,-37.877554708572596,SH29,Shouldbe: Te Poi,1841
175.81818711190766,-37.876136386750495,SH29,Shouldbe: Te Poi,1595
175.8112944801107,-37.87784701017591,SH29,Shouldbe: Te Poi,1185
175.80886682885065,-37.87981455308598,SH29,Shouldbe: Te Poi,921
175.80631595115892,-37.881276213446824,SH29,Shouldbe: Te Poi,674
175.7970482544289,-37.88394739441365,SH29,Shouldbe: Te Poi,0
175.89658018900013,-37.883185943534535,SH29,Shouldbe: Te Poi,2
175.8934393997595,-37.880459399759495,SH29,Shouldbe: Te Poi,555
175.8921732097076,-37.879775238332336,SH29,Shouldbe: Te Poi,788
178.2547307249577,-38.01157788400677,Ihungia Rd,Shouldbe: Te Puia Springs,1071
176.25439332379565,-37.85408771090996,Harray Rd,Shouldbe: Te Puke,541
176.25308,-37.85699112818336,Harray Rd,Shouldbe: Te Puke,0
176.3636509342516,-37.79383217992042,Rangiuru Rd,Shouldbe: Te Puke,347
176.27078624829096,-37.84323274605453,Harray Rd,Shouldbe: Te Puke,693
176.2634825747249,-37.88321918837021,No 2 Rd,Shouldbe: Te Ranga,1714
176.29295408509378,-37.89452053799887,Rangiuru Rd,Shouldbe: Te Ranga,1507
176.28730173019176,-37.894205025753415,Rangiuru Rd,Shouldbe: Te Ranga,1721
176.24253497936044,-37.87519343772358,No 2 Rd,Shouldbe: Te Ranga,0
175.24978390946276,-37.76029671696514,Mahana Rd,Shouldbe: Te Rapa,54
175.24899109999998,-37.7607393,Mahana Rd,Shouldbe: Te Rapa,363
175.2491066,-37.7606664,Mahana Rd,Shouldbe: Te Rapa,296
175.2196355,-37.7296779,Ruffell Rd,Shouldbe: Te Rapa Park,282
175.2171831113229,-37.73047061395149,Ruffell Rd,Shouldbe: Te Rapa Park,0
175.0502796705697,-38.088229736455766,SH31,Shouldbe: Te Rauamoa,0
175.0423624736137,-38.0789449472274,SH31,Shouldbe: Te Rauamoa,0
176.98143011393236,-38.50154711760849,Mataatua Rd,Shouldbe: Te Urewera,190
175.2238821,-37.8322393,Collins Rd,Shouldbe: Temple View,3629
175.19314450000002,-37.832619199999996,Koromatua Rd,Shouldbe: Temple View,137
175.20063290000002,-37.8325385,Koromatua Rd,Shouldbe: Temple View,189
175.2118574,-37.8323895,Koromatua Rd,Shouldbe: Temple View,0
175.2165639,-37.8323398,Koromatua Rd,Shouldbe: Temple View,0
175.22814909924566,-37.83216877655252,Collins Rd,Shouldbe: Temple View,2786
175.23799437510397,-37.83206,Collins Rd,Shouldbe: Temple View,2481
175.217999,-37.8323192,Collins Rd,Shouldbe: Temple View,3988
175.61725159008884,-37.12286934861067,Kauaeranga Valley Rd,Shouldbe: Thames,266
175.61243500579687,-37.12945999536251,Kauaeranga Valley Rd,Shouldbe: Thames,288
175.6121818,-37.129817,Kauaeranga Valley Rd,Shouldbe: Thames,349
176.91711365428958,-37.924703269142086,Aerodrome Rd,Shouldbe: Thornton,1805
176.91892151764276,-37.924964739065956,Aerodrome Rd,Shouldbe: Thornton,1653
175.18084991079138,-38.08787713688248,SH31,Shouldbe: Tihiroa,876
175.7741337790761,-38.581829893879274,SH32,Shouldbe: Tihoi,1447
175.75571332126063,-38.60601249547274,Whangamata Rd,Shouldbe: Tihoi,2339
175.72407803276462,-38.63798032764643,SH32,Shouldbe: Tihoi,2949
175.7284088649492,-38.618863072581355,SH32,Shouldbe: Tihoi,3311
175.74622689836826,-38.59671631785016,SH32,Shouldbe: Tihoi,3312
175.76426102118083,-38.58382755914938,SH32,Shouldbe: Tihoi,1979
176.3297306219577,-38.06473848227716,SH33,Shouldbe: Tikitere,358
176.36153077889466,-38.06504042225004,SH30,Shouldbe: Tikitere,2138
176.3280153521848,-38.084988744226834,SH30,Shouldbe: Tikitere,1632
176.3265442,-38.0808945,SH30,Shouldbe: Tikitere,2041
176.37566410923523,-38.05669365084415,SH30,Shouldbe: Tikitere,2054
176.32621974054115,-38.095403005944725,SH30,Shouldbe: Tikitere,472
176.41225065979398,-38.04985443298995,SH30,Shouldbe: Tikitere,495
176.41245528883152,-38.047836220006275,SH30,Shouldbe: Tikitere,823
176.37723705485197,-38.056105244175484,SH30,Shouldbe: Tikitere,1406
176.39205088063974,-38.053194961681065,SH30,Shouldbe: Tikitere,1406
176.40082414718947,-38.049362090295226,SH30,Shouldbe: Tikitere,1408
176.3280779588826,-38.06700947556273,SH33,Shouldbe: Tikitere,1541
176.40532309297782,-38.04883472181578,SH30,Shouldbe: Tikitere,913
178.4173896,-37.8140783,Tikapa Rd,Shouldbe: Tikitiki,2788
178.4169643,-37.814040399999996,Waiomatatini Rd,Shouldbe: Tikitiki,2788
178.41757399108164,-37.81340931405277,Tikapa Rd,Shouldbe: Tikitiki,2807
178.4344447829549,-37.82221560038103,Awanui Rd,Shouldbe: Tikitiki,2218
178.41758344237212,-37.81411171186428,Awanui Rd,Shouldbe: Tikitiki,2261
175.77606875193715,-38.011808748837716,Webster Rd,Shouldbe: Tirau,13
175.77356818519064,-37.96741543412547,Okoroire Rd,Shouldbe: Tirau,0
175.7542105,-37.9589861,SH27,Shouldbe: Tirau,265
175.75937543900795,-37.97445659043201,Okoroire Rd,Shouldbe: Tirau,1178
175.76759217358216,-37.98543710681094,SH1,Shouldbe: Tirau,2451
175.76664385510094,-37.97282797673751,Okoroire Rd,Shouldbe: Tirau,542
175.7711823464186,-37.96837853275887,Okoroire Rd,Shouldbe: Tirau,325
177.3552834,-37.988227,SH35,Shouldbe: Tirohanga,2804
175.90251652946927,-38.48008167445452,Tirohanga Rd,Shouldbe: Tirohanga,531
177.33525256330094,-37.99110031645503,SH35,Shouldbe: Tirohanga,3448
177.3492706,-37.9897348,SH35,Shouldbe: Tirohanga,2923
177.35662858936558,-37.98792655752489,SH35,Shouldbe: Tirohanga,2639
177.35851409999998,-37.987656199999996,SH35,Shouldbe: Tirohanga,2338
177.3619167,-37.9872771,SH35,Shouldbe: Tirohanga,2103
177.36476071720568,-37.98696938252268,SH35,Shouldbe: Tirohanga,423
177.384065820018,-37.98853404698134,SH35,Shouldbe: Tirohanga,302
177.33129453886096,-38.10799400593793,Tutaetoko Rd,Shouldbe: Toatoa,2903
177.51163153448152,-38.17639004056649,Motu Rd,Shouldbe: Toatoa,2366
177.51011179972636,-38.16932728249781,Motu Rd,Shouldbe: Toatoa,4107
175.8443410723804,-38.198913862274885,Paraonui Rd,Shouldbe: Tokoroa,0
175.8523828008763,-38.205832455144396,Paraonui Rd,Shouldbe: Tokoroa,6
175.8731445503245,-38.2146150899351,Sloss Rd,Shouldbe: Tokoroa,303
177.44509686592554,-37.968895587820256,SH35,Shouldbe: Torere,1192
174.9412235039058,-37.28093048475355,River Rd,Shouldbe: Tuakau,669
174.94417049999998,-37.2773063,River Rd,Shouldbe: Tuakau,1065
174.98472938286147,-37.260031667859685,Pokeno Rd,Shouldbe: Tuakau,816
174.9383692033542,-37.283916925227395,River Rd,Shouldbe: Tuakau,302
176.31624110810483,-38.248172436384735,SH5,Shouldbe: Tumunui,1128
176.31935749662608,-38.25697588623575,SH5,Shouldbe: Tumunui,1340
176.33140983638873,-38.2676387313373,SH5,Shouldbe: Tumunui,1144
176.31808724366812,-38.25783384104805,Wilson Rd,Shouldbe: Tumunui,2013
176.3084351487376,-38.260857051573545,Wilson Rd,Shouldbe: Tumunui,2119
176.3177632,-38.2585925,Wilson Rd,Shouldbe: Tumunui,2070
176.31120038243876,-38.244753638126774,SH5,Shouldbe: Tumunui,550
176.3313846,-38.2676064,Waimangu Rd,Shouldbe: Tumunui,1302
176.32019609914593,-38.24852,Highlands Rd,Shouldbe: Tumunui,1429
176.31115069999998,-38.2447194,Highlands Loop Rd,Shouldbe: Tumunui,550
176.31129878932092,-38.24460090800931,Highlands Loop Rd,Shouldbe: Tumunui,551
176.3374956532037,-38.24715062054795,Highlands Rd,Shouldbe: Tumunui,2795
176.3205225962395,-38.2504006744191,Highlands Loop Rd,Shouldbe: Tumunui,1582
176.32001,-38.24854009088769,Highlands Loop Rd,Shouldbe: Tumunui,1429
175.56181846234796,-37.2662837789587,Hamilton Rd,Shouldbe: Turua,0
175.5599241,-37.2391114,Piako Rd,Shouldbe: Turua,2905
175.5193722,-37.253026500000004,Bush Rd,Shouldbe: Turua,688
175.5619105066801,-37.266016248272386,Orchard East Rd,Shouldbe: Turua,887
175.57466050000002,-37.2619703,Orchard East Rd,Shouldbe: Turua,2101
175.52059649999998,-37.2546845,Bush Rd,Shouldbe: Turua,872
175.5222698,-37.2571685,Bush Rd,Shouldbe: Turua,22
175.5629102,-37.2381892,Piako Rd,Shouldbe: Turua,3245
175.5658506,-37.2372692,Piako Rd,Shouldbe: Turua,3527
176.24703,-38.142340000000004,Ranolf St,Shouldbe: Victoria,0
176.25891412192777,-38.145666955520916,Te Ngae Rd,Shouldbe: Victoria,0
176.2470299,-38.1433416,Ranolf St,Shouldbe: Victoria,100
176.24068,-38.141769999999994,James St,Shouldbe: Victoria,304
176.2406602,-38.1407799,Pererika St,Shouldbe: Victoria,68
176.2422739,-38.14078,Pererika St,Shouldbe: Victoria,100
176.24066,-38.1445873,James St,Shouldbe: Victoria,0
176.2457649,-38.14078,Pererika St,Shouldbe: Victoria,218
176.2470375,-38.1407899,Pererika St,Shouldbe: Victoria,516
176.24066019999998,-38.143314499999995,James St,Shouldbe: Victoria,132
176.2470498,-38.140805400000005,Ranolf St,Shouldbe: Victoria,0
175.24642894024532,-37.46041391716628,Waikare Rd,Shouldbe: Waerenga,829
175.29865813674698,-37.408371885715475,Taniwha Rd,Shouldbe: Waerenga,1802
175.2989472,-37.4090633,Taniwha Rd,Shouldbe: Waerenga,1723
175.29655496093366,-37.38143783629628,Taniwha Rd,Shouldbe: Waerenga,4445
175.29104251743428,-37.389344105053375,Taniwha Rd,Shouldbe: Waerenga,3902
175.29690481200015,-37.4057875993816,Taniwha Rd,Shouldbe: Waerenga,2072
175.7340484,-37.769527,Gunn Rd,Shouldbe: Waharoa,1519
175.74473329999998,-37.7473538,Wardville Rd,Shouldbe: Waharoa,1993
175.75808474249635,-37.74168477510248,Wardville Rd,Shouldbe: Waharoa,512
177.94995130027587,-37.61787535266708,SH35,Shouldbe: Waihau Bay,525
175.89483746649032,-37.34365196947494,SH25,Shouldbe: Waihi,1706
175.87772812285021,-37.35930596269718,SH25,Shouldbe: Waihi,1906
175.80697984709002,-37.41870088929942,Pukekauri Rd,Shouldbe: Waihi,1720
175.81147452376607,-37.415334190493574,Pukekauri Rd,Shouldbe: Waihi,2113
175.89321723289737,-37.346263357673834,SH25,Shouldbe: Waihi,2093
175.81803373922313,-37.416284281089645,Pukekauri Rd,Shouldbe: Waihi,2613
175.9321050979033,-37.409057007958445,Waihi Beach Rd,Shouldbe: Waihi Beach,823
175.926490234505,-37.41110219165974,Waihi Beach Rd,Shouldbe: Waihi Beach,738
175.90894463817517,-37.41557046051656,Waihi Beach Rd,Shouldbe: Waihi Beach,176
175.91170116790252,-37.41268262441017,Waihi Beach Rd,Shouldbe: Waihi Beach,425
175.9013679,-37.4371942,Mathers Rd,Shouldbe: Waihi Beach,806
175.67021029999998,-37.5768769,SH26,Shouldbe: Waihou,925
175.65966470160043,-37.583768096491276,SH26,Shouldbe: Waihou,130
175.67420626386073,-37.57424582409286,SH26,Shouldbe: Waihou,1326
175.6748172,-37.573798700000005,SH26,Shouldbe: Waihou,1394
175.67553560000002,-37.5726708,SH26,Shouldbe: Waihou,1534
175.6860618,-37.571742900000004,Mikkelsen Rd,Shouldbe: Waihou,0
175.6583918,-37.584651799999996,SH26,Shouldbe: Waihou,0
175.6563406,-37.5826602,Thomas Rd,Shouldbe: Waihou,1931
175.6733882,-37.5747846,SH26,Shouldbe: Waihou,1240
175.6722316,-37.5755721,SH26,Shouldbe: Waihou,1120
175.68387046847647,-37.568806798933096,Mikkelsen Rd,"Shouldbe: Te Aroha, Waihou",1470
175.6761208500671,-37.57171035067325,SH26,"Shouldbe: Te Aroha, Waihou",1648
174.79291992299508,-37.494566980807875,Baker Rd,Shouldbe: Waikaretu,0
174.8461447886987,-37.53923943652986,Richardson Rd,Shouldbe: Waikaretu,1029
175.28038930000002,-37.8064919,Pembroke St,Shouldbe: Waikato Hospital,0
175.28103,-37.80462068360898,Pembroke St,Shouldbe: Waikato Hospital,0
175.3829354605604,-38.12157374708823,Wharepuhunga Rd,Shouldbe: Waikeria,1866
176.260562,-38.337758199999996,Hossack Rd,Shouldbe: Waikite Valley,149
176.29438025026215,-38.32454498772141,Earthquake Flat Rd,Shouldbe: Waikite Valley,1967
176.29796219075854,-38.33043699916658,Waikite Valley Rd,Shouldbe: Waikite Valley,552
177.04643686984429,-38.163268083477504,Luttrell Rd,Shouldbe: Waimana,520
177.04184472141543,-38.1674135023843,Luttrell Rd,Shouldbe: Waimana,131
177.037422148907,-38.09393935591952,SH2,Shouldbe: Waimana,921
176.39171191303754,-38.30813714534308,SH38,Shouldbe: Waimangu,567
178.1703896262614,-38.50335692691579,Waiomoko Rd,Shouldbe: Waimata,1446
175.3157710674752,-38.616351838725826,Poro-o-Tarao Rd,Shouldbe: Waimiha,4063
175.3147503830242,-38.61611415320968,Poro-o-Tarao Rd,Shouldbe: Waimiha,4215
175.3654872115657,-38.617797964640474,Kokomiko Rd,Shouldbe: Waimiha,1266
175.43485591300984,-38.58469561634028,Ongarue Stream Rd,Shouldbe: Waimiha,807
175.39844439060005,-38.59991952625434,Ongarue Stream Rd,Shouldbe: Waimiha,3056
175.3954660873338,-38.60080228864976,Ongarue Stream Rd,Shouldbe: Waimiha,3100
175.32096018357734,-38.61052751747481,Poro-o-Tarao Rd,Shouldbe: Waimiha,2725
175.31791381134488,-38.615538765793055,Poro-o-Tarao Rd,Shouldbe: Waimiha,3448
176.84205536055902,-38.19753072111801,Galatea Rd,Shouldbe: Waiohau,1907
176.84573009317594,-38.20610804330535,Galatea Rd,Shouldbe: Waiohau,2831
176.84157922956143,-38.19131043800754,Galatea Rd,Shouldbe: Waiohau,1228
176.84546980508168,-38.2033145127042,Galatea Rd,Shouldbe: Waiohau,2540
176.84384500088265,-38.20046000176534,Galatea Rd,Shouldbe: Waiohau,2222
176.83746978497388,-38.187081059955226,Galatea Rd,Shouldbe: Waiohau,951
177.1871841481672,-38.074696862644146,Waiotahe Valley Rd,Shouldbe: Waiotahe Valley,2342
176.36145793949706,-38.35263597646788,SH5,Shouldbe: Waiotapu,2726
177.9003743,-38.518127,Lavenham Rd,Shouldbe: Waipaoa,217
177.89921079908606,-38.561526021771485,Lavenham Rd,Shouldbe: Waipaoa,86
177.8849788904636,-38.55269872342677,Tangihanga Rd,Shouldbe: Waipaoa,1594
177.88846353153738,-38.5280886347211,Lavenham Rd,Shouldbe: Waipaoa,610
177.9008045,-38.517827,Lavenham Rd,Shouldbe: Waipaoa,204
177.87288549935113,-38.53627575653529,Humphreys Rd,Shouldbe: Waipaoa,1049
177.88493501611666,-38.529208572584686,Humphreys Rd,Shouldbe: Waipaoa,781
177.89660518380336,-38.540904180072495,Lavenham Rd,Shouldbe: Waipaoa,125
177.8852628183887,-38.55462775864054,Tangihanga Rd,Shouldbe: Waipaoa,200
177.8935647,-38.5237942,Lavenham Rd,Shouldbe: Waipaoa,488
177.8960536,-38.5212089,Lavenham Rd,Shouldbe: Waipaoa,232
177.8989488903523,-38.56279890352296,Lavenham Rd,"Shouldbe: Waipaoa, Waituhi",200
178.23700596226806,-37.95469602184482,Makarika Rd,Shouldbe: Waipiro,3725
178.23606127806798,-37.955466682921184,Makarika Rd,Shouldbe: Waipiro,4329
178.22619463045606,-37.950269252443064,Makarika Rd,Shouldbe: Waipiro,4808
178.2239934105193,-37.94961375569828,Makarika Rd,Shouldbe: Waipiro,4806
178.22239609863007,-37.94937,Makarika Rd,Shouldbe: Waipiro,4935
178.22238,-37.949241434450705,Karewa Rd,Shouldbe: Waipiro,3911
178.2618994092572,-37.92575709253221,Hiruharama Rd,Shouldbe: Waipiro,685
178.25752022823943,-37.929748914248826,Hiruharama Rd,Shouldbe: Waipiro,708
178.26293425745072,-37.92133919920659,SH35,Shouldbe: Waipiro,120
178.2609129048924,-37.92442451154592,SH35,Shouldbe: Waipiro,381
178.25747853879756,-37.92968861493659,SH35,Shouldbe: Waipiro,690
178.24536330792273,-37.9540836455207,SH35,Shouldbe: Waipiro,1272
178.24977270476657,-37.96989126954668,SH35,Shouldbe: Waipiro,3725
178.25370242918535,-37.97410907897047,SH35,Shouldbe: Waipiro,4736
178.22711703809293,-37.9540080409434,Makarika Rd,Shouldbe: Waipiro,4440
178.3307043380601,-38.02009954336209,Waipiro Rd,Shouldbe: Waipiro,2161
178.3311349,-38.0200266,Waipiro Rd,Shouldbe: Waipiro,2197
178.3316321245119,-38.01968926518109,Waipiro Rd,Shouldbe: Waipiro,2254
178.33278291928215,-38.01951197197411,Waipiro Rd,Shouldbe: Waipiro,2351
178.33409478830254,-38.01952564887748,Marae Rd,Shouldbe: Waipiro,2410
178.33279290753023,-38.01952048252449,Marae Rd,Shouldbe: Waipiro,2351
178.3189666301015,-37.993489965720165,Parapara Rd,Shouldbe: Waipiro,3690
178.26257266008082,-37.914116730865004,Makatote Rd,Shouldbe: Waipiro,229
178.22560451016216,-37.95174381647697,Makarika School Rd,Shouldbe: Waipiro,4808
178.3327615,-38.0185117,Kopuaroa Rd,Shouldbe: Waipiro,2409
178.3214285417889,-38.00470606709693,Kopuaroa Rd,Shouldbe: Waipiro,2250
178.33288909381355,-38.01844407975478,McIlroy Rd,Shouldbe: Waipiro,2409
178.31320925271984,-37.99896135529993,Kopuaroa Rd,Shouldbe: Waipiro,2701
178.31144486481946,-37.996074507616626,Kopuaroa Rd,Shouldbe: Waipiro,2990
178.27549915318923,-37.98589420466889,Kopuaroa Rd,Shouldbe: Waipiro,2380
178.3241863827485,-37.987006546103615,Kiekie Rd,Shouldbe: Waipiro,4557
178.31893015499355,-37.99333578932317,Kiekie Rd,Shouldbe: Waipiro,3730
178.31311,-37.998791645735686,Kiekie Rd,Shouldbe: Waipiro,2997
178.26327923153602,-38.01387117930826,SH35,Shouldbe: Waipiro,123
178.27505696049886,-37.98575751001548,SH35,Shouldbe: Waipiro,2336
178.26742347419085,-37.981105105643145,SH35,Shouldbe: Waipiro,2588
178.3706511580352,-37.964339617288715,Whareponga Rd,Shouldbe: Waipiro,446
178.36635945889978,-37.959424635399685,Whareponga Rd,Shouldbe: Waipiro,0
178.3283911269109,-37.94333964962328,Whareponga Rd,Shouldbe: Waipiro,0
178.26986342698805,-37.923699074153866,Whareponga Rd,Shouldbe: Waipiro,0
178.2585604664009,-37.975558422620324,SH35,Shouldbe: Waipiro,2592
178.2634457962407,-37.91455640738109,Puhunga Rd,Shouldbe: Waipiro,120
178.2625386,-37.914143900000006,Puhunga Rd,Shouldbe: Waipiro,517
178.24002186176148,-37.906608520723175,Puhunga Rd,Shouldbe: Waipiro,396
178.341086861377,-38.03887082786139,Waikawa Rd,Shouldbe: Waipiro,797
178.2628418733783,-38.014003124026985,Ihungia Rd,"Shouldbe: Te Puia Springs, Waipiro",1242
178.25235967943362,-38.00826219233982,Keelan Rd,"Shouldbe: Te Puia Springs, Waipiro",634
176.13121698776794,-38.596149042942656,SH5,Shouldbe: Wairakei,1753
176.06173621818715,-38.58684016033982,SH1,Shouldbe: Wairakei,1610
176.03919679980172,-38.60660566574876,Oruanui Rd,Shouldbe: Wairakei,0
175.42540031455226,-37.228948810582494,Pouarua Rd N,Shouldbe: Waitakaruru,1765
175.3431555427374,-37.24439252962757,Penrhys Cl,Shouldbe: Waitakaruru,1356
175.34328896870082,-37.24463132154163,Back Miranda Rd,Shouldbe: Waitakaruru,1432
175.4354028,-37.2457354,Pouarua Rd N,Shouldbe: Waitakaruru,708
176.23432091605898,-37.71715000558437,Welcome Bay Rd,Shouldbe: Waitao,450
176.24656175603985,-37.71943008206724,Welcome Bay Rd,Shouldbe: Waitao,1559
176.2434722100349,-37.71864298241064,Welcome Bay Rd,Shouldbe: Waitao,1274
176.23831158331436,-37.71688158331436,Welcome Bay Rd,Shouldbe: Waitao,789
176.23741993916124,-37.71633180712023,Welcome Bay Rd,Shouldbe: Waitao,704
176.2323793,-37.7177639,Welcome Bay Rd,Shouldbe: Waitao,295
176.22994514263473,-37.718436755789064,Welcome Bay Rd,Shouldbe: Waitao,97
176.24884052074108,-37.7198435069137,Welcome Bay Rd,Shouldbe: Waitao,71
175.36872518784511,-37.41304300548609,Matahuru Rd,Shouldbe: Waiterimu,473
175.36460122942754,-37.41608318085783,Matahuru Rd,Shouldbe: Waiterimu,2061
175.38651517544884,-37.405238706137794,Matahuru Rd,Shouldbe: Waiterimu,396
175.0283528840612,-37.844403221015305,Waitetuna Valley Rd,Shouldbe: Waitetuna,728
175.06641343227682,-37.9005841419308,Fillery Rd,Shouldbe: Waitetuna,1225
175.62830116831728,-37.61227794057819,Wood Rd,Shouldbe: Waitoa,656
175.62393481662158,-37.60313224311498,No 1 Rd,Shouldbe: Waitoa,23
175.62806186993268,-37.61898268242418,Wood Rd,Shouldbe: Waitoa,6
175.6115778,-37.5767772,No 1 Rd,Shouldbe: Waitoa,0
175.67650537888804,-37.61862238316477,Waihekau Rd,Shouldbe: Waitoa,1261
175.67658,-37.6183506,Waihekau Rd,Shouldbe: Waitoa,3356
175.66750494984413,-37.639118044017884,Waihekau Rd,Shouldbe: Waitoa,174
177.8989130286001,-38.60145943476712,Lavenham Rd,Shouldbe: Waituhi,209
177.8855029,-38.6082183,McFarlane Rd,Shouldbe: Waituhi,0
177.88980169218485,-38.60503979496733,McFarlane Rd,Shouldbe: Waituhi,0
177.90009778977486,-38.59791709025829,Renner Rd,Shouldbe: Waituhi,588
177.89797269772797,-38.602839903070894,Judd Rd,Shouldbe: Waituhi,0
177.8999822,-38.597898199999996,Lavenham Rd,Shouldbe: Waituhi,590
177.9002284448232,-38.596562040091676,Lavenham Rd,Shouldbe: Waituhi,721
177.88542717731752,-38.60822203993715,Lake Rd,Shouldbe: Waituhi,0
177.87706740000002,-38.6145101,Repongaere Rd,Shouldbe: Waituhi,0
177.8837572,-38.6095568,Lake Rd,Shouldbe: Waituhi,0
177.89844449999998,-38.602084,Lavenham Rd,Shouldbe: Waituhi,173
177.8978856,-38.6028127,Lavenham Rd,Shouldbe: Waituhi,132
177.8960485,-38.6052059,Lavenham Rd,Shouldbe: Waituhi,0
177.88177169978525,-38.60573335377131,Lake Rd,Shouldbe: Waituhi,329
177.90411463008132,-38.578685128861736,Lavenham Rd,Shouldbe: Waituhi,56
177.90020795586912,-38.58096504768792,Lavenham Rd,Shouldbe: Waituhi,2472
177.9037624,-38.579186899999996,Lavenham Rd,Shouldbe: Waituhi,2692
174.72782274129594,-37.27518854825919,Holmes Rd,Shouldbe: Waiuku,290
174.703898407936,-37.26173468065211,Karioitahi Rd,Shouldbe: Waiuku,1
174.7118011,-37.2726357,Codlin Rd,Shouldbe: Waiuku,0
174.79043133512243,-37.23985,Bald Hill Rd,Shouldbe: Waiuku,1654
174.78761664334587,-37.24020922928571,Bald Hill Rd,Shouldbe: Waiuku,1695
174.7742339076529,-37.24261877749086,Bald Hill Rd,Shouldbe: Waiuku,1829
174.77294329946335,-37.24323916878354,Bald Hill Rd,Shouldbe: Waiuku,2706
176.21190056830014,-38.12689585249198,Gordon Rd,Shouldbe: Western Heights,247
176.21155272311404,-38.12851625731237,Thomas Cres,Shouldbe: Western Heights,58
176.2107579,-38.1275892,Thomas Cres,Shouldbe: Western Heights,193
176.2182471,-38.1270686,Brookland Rd,Shouldbe: Western Heights,52
176.21774499999998,-38.126446200000004,Brookland Rd,Shouldbe: Western Heights,54
176.216552,-38.1249352,Brookland Rd,Shouldbe: Western Heights,84
176.21479797869142,-38.124643686002216,Gordon Rd,Shouldbe: Western Heights,38
176.21394840000002,-38.125491600000004,Gordon Rd,Shouldbe: Western Heights,201
176.21076195954734,-38.12757439396218,Gordon Rd,Shouldbe: Western Heights,283
176.21372247117583,-38.12718524254825,Roosevelt Rd,Shouldbe: Western Heights,142
176.2149567641565,-38.12870841395081,Roosevelt Rd,Shouldbe: Western Heights,44
175.99872812851976,-37.73085849326819,Leyland Rd,Shouldbe: Whakamarama,498
175.93924042188672,-37.67523484923835,Work Rd,Shouldbe: Whakamarama,279
175.94166585044766,-37.666942517615674,Work Rd,Shouldbe: Whakamarama,0
175.99162766486813,-37.734463898289526,Leyland Rd,Shouldbe: Whakamarama,722
175.96249515307537,-37.63593850257436,SH2,Shouldbe: Whakamarama,162
175.93879312561555,-37.69808428309357,Work Rd,Shouldbe: Whakamarama,2573
175.7967099,-38.4191608,SH30,Shouldbe: Whakamaru,2974
175.80313904753814,-38.51752092243189,SH32,Shouldbe: Whakamaru,0
175.84927131202895,-38.52354492855037,Kaahu Rd,Shouldbe: Whakamaru,0
175.78659438831178,-38.41216912251037,SH30,Shouldbe: Whakamaru,660
176.26167180000002,-38.1550004,Scott St,Shouldbe: Whakarewarewa,0
176.26603069245527,-38.150091367639625,SH30,Shouldbe: Whakarewarewa,0
176.24510211038458,-38.16331628637925,SH5,"Shouldbe: Springfield, Whakarewarewa",1040
175.52696150234456,-37.1093173335738,Victoria St,Shouldbe: Whakatete Bay,0
175.53248007650234,-37.106438579964006,Victoria St,Shouldbe: Whakatete Bay,0
175.85379639609704,-37.24820918829111,SH25,Shouldbe: Whangamata,1975
175.85582659402675,-37.22736275221398,SH25,Shouldbe: Whangamata,3260
175.85344173273955,-37.24686317668919,SH25,Shouldbe: Whangamata,2013
175.59212255223716,-38.106025904851776,Rotongata Rd,Shouldbe: Wharepapa South,451
175.65656120038477,-38.26021970823985,Waipapa Rd,Shouldbe: Wharepapa South,2243
175.60406882793563,-38.10442393699054,Rotongata Rd,Shouldbe: Wharepapa South,0
175.59474587998878,-38.10551616480045,Rotongata Rd,Shouldbe: Wharepapa South,46
175.65468339999998,-38.2592164,Waipapa Rd,Shouldbe: Wharepapa South,2414
175.5909790414893,-38.10819682090922,Rotongata Rd,Shouldbe: Wharepapa South,515
175.61933194163674,-38.094952916002846,Bulmer Rd,Shouldbe: Wharepapa South,0
175.65943170044798,-38.262377607636026,Waipapa Rd,Shouldbe: Wharepapa South,1927
175.42512549999998,-38.156906299999996,Wharepuhunga Rd,Shouldbe: Wharepuhunga,383
175.5680267,-38.2992805,Wairehi Rd,Shouldbe: Wharepuhunga,1548
175.4907487458572,-38.23515948892718,Duncan Rd,Shouldbe: Wharepuhunga,270
175.4511973210608,-38.19902804062821,Mangatutu Rd,Shouldbe: Wharepuhunga,784
177.8287222007888,-38.39253519827895,Whatatutu Rd,Shouldbe: Whatatutu,680
175.20351541043988,-37.805216685317696,Howden Rd,Shouldbe: Whatawhata,242
175.07726598702405,-37.818188951099245,SH23,Shouldbe: Whatawhata,470
175.2040546,-37.8056061,Howden Rd,Shouldbe: Whatawhata,179
175.88213790315208,-37.26631889104611,SH25,Shouldbe: Whiritoa,2073
175.89699697420048,-37.28525137113679,SH25,Shouldbe: Whiritoa,2072
175.8957000687005,-37.28491104809035,SH25,Shouldbe: Whiritoa,1888
175.88803446080826,-37.28330825279941,SH25,Shouldbe: Whiritoa,1880
175.88571461027274,-37.27540360915788,SH25,Shouldbe: Whiritoa,2263
175.85616249366382,-37.24945365238396,SH25,"Shouldbe: Whangamata, Whiritoa",1964
175.85370984527137,-37.248233869958256,Parakiwai Quarry Rd,"Shouldbe: Whangamata, Whiritoa",1414
175.3710099,-37.638908799999996,Woodlands Rd,Shouldbe: Whitikahu,0
175.2692549,-37.779518800000005,Willoughby St,Shouldbe: Whitiora,86
175.26679311834155,-37.77859295709771,Willoughby St,Shouldbe: Whitiora,271
175.2720477,-37.780503,Willoughby St,Shouldbe: Whitiora,34
175.271842,-37.7804406,Willoughby St,Shouldbe: Whitiora,64
175.2717212,-37.780390499999996,Willoughby St,Shouldbe: Whitiora,76
